Scanner Model,File Name,Resolution,Format,Color Mode
HP,set4_s11_47.tif,224x224,TIFF,RGB
HP,set1_s11_16.tif,224x224,TIFF,RGB
HP,set4_s11_32.tif,224x224,TIFF,RGB
HP,set4_s11_26.tif,224x224,TIFF,RGB
HP,set4_s11_38.tif,224x224,TIFF,RGB
HP,set2_s11_31.tif,224x224,TIFF,RGB
HP,set2_s11_54.tif,224x224,TIFF,RGB
HP,set2_s11_58.tif,224x224,TIFF,RGB
HP,set2_s11_36.tif,224x224,TIFF,RGB
HP,set1_s11_24.tif,224x224,TIFF,RGB
HP,set2_s11_76.tif,224x224,TIFF,RGB
HP,set4_s11_88.tif,224x224,TIFF,RGB
HP,set2_s11_52.tif,224x224,TIFF,RGB
HP,set3_s11_29.tif,224x224,TIFF,RGB
HP,set1_s11_4.tif,224x224,TIFF,RGB
HP,set4_s11_46.tif,224x224,TIFF,RGB
HP,set4_s11_17.tif,224x224,TIFF,RGB
HP,set2_s11_92.tif,224x224,TIFF,RGB
HP,set4_s11_63.tif,224x224,TIFF,RGB
HP,set2_s11_51.tif,224x224,TIFF,RGB
HP,set1_s11_22.tif,224x224,TIFF,RGB
HP,set2_s11_22.tif,224x224,TIFF,RGB
HP,set4_s11_95.tif,224x224,TIFF,RGB
HP,set2_s11_44.tif,224x224,TIFF,RGB
HP,set2_s11_38.tif,224x224,TIFF,RGB
HP,set2_s11_88.tif,224x224,TIFF,RGB
HP,set4_s11_102.tif,224x224,TIFF,RGB
HP,set2_s11_45.tif,224x224,TIFF,RGB
HP,set2_s11_6.tif,224x224,TIFF,RGB
HP,set2_s11_14.tif,224x224,TIFF,RGB
HP,set3_s11_12.tif,224x224,TIFF,RGB
HP,set1_s11_12.tif,224x224,TIFF,RGB
HP,set4_s11_39.tif,224x224,TIFF,RGB
HP,set1_s11_30.tif,224x224,TIFF,RGB
HP,set4_s11_29.tif,224x224,TIFF,RGB
HP,set2_s11_43.tif,224x224,TIFF,RGB
HP,set2_s11_94.tif,224x224,TIFF,RGB
HP,set4_s11_108.tif,224x224,TIFF,RGB
HP,set4_s11_100.tif,224x224,TIFF,RGB
HP,set2_s11_59.tif,224x224,TIFF,RGB
HP,set1_s11_5.tif,224x224,TIFF,RGB
HP,set4_s11_91.tif,224x224,TIFF,RGB
HP,set2_s11_74.tif,224x224,TIFF,RGB
HP,set4_s11_54.tif,224x224,TIFF,RGB
HP,set4_s11_97.tif,224x224,TIFF,RGB
HP,set2_s11_86.tif,224x224,TIFF,RGB
HP,set4_s11_75.tif,224x224,TIFF,RGB
HP,set3_s11_26.tif,224x224,TIFF,RGB
HP,set4_s11_36.tif,224x224,TIFF,RGB
HP,set2_s11_41.tif,224x224,TIFF,RGB
HP,set2_s11_87.tif,224x224,TIFF,RGB
HP,set4_s11_99.tif,224x224,TIFF,RGB
HP,set2_s11_93.tif,224x224,TIFF,RGB
HP,set4_s11_96.tif,224x224,TIFF,RGB
HP,set4_s11_60.tif,224x224,TIFF,RGB
HP,set2_s11_19.tif,224x224,TIFF,RGB
HP,set4_s11_49.tif,224x224,TIFF,RGB
HP,set4_s11_87.tif,224x224,TIFF,RGB
HP,set4_s11_27.tif,224x224,TIFF,RGB
HP,set2_s11_97.tif,224x224,TIFF,RGB
HP,set4_s11_77.tif,224x224,TIFF,RGB
HP,set2_s11_78.tif,224x224,TIFF,RGB
HP,set2_s11_8.tif,224x224,TIFF,RGB
HP,set4_s11_107.tif,224x224,TIFF,RGB
HP,set4_s11_98.tif,224x224,TIFF,RGB
HP,set1_s11_21.tif,224x224,TIFF,RGB
HP,set2_s11_89.tif,224x224,TIFF,RGB
HP,set1_s11_31.tif,224x224,TIFF,RGB
HP,set2_s11_82.tif,224x224,TIFF,RGB
HP,set2_s11_33.tif,224x224,TIFF,RGB
HP,set1_s11_10.tif,224x224,TIFF,RGB
HP,set2_s11_24.tif,224x224,TIFF,RGB
HP,set3_s11_3.tif,224x224,TIFF,RGB
HP,set2_s11_80.tif,224x224,TIFF,RGB
HP,set3_s11_28.tif,224x224,TIFF,RGB
HP,set2_s11_69.tif,224x224,TIFF,RGB
HP,set2_s11_96.tif,224x224,TIFF,RGB
HP,set2_s11_91.tif,224x224,TIFF,RGB
HP,set2_s11_55.tif,224x224,TIFF,RGB
HP,set4_s11_50.tif,224x224,TIFF,RGB
HP,set2_s11_98.tif,224x224,TIFF,RGB
HP,set4_s11_94.tif,224x224,TIFF,RGB
HP,set3_s11_5.tif,224x224,TIFF,RGB
HP,set4_s11_82.tif,224x224,TIFF,RGB
HP,set4_s11_76.tif,224x224,TIFF,RGB
HP,set2_s11_63.tif,224x224,TIFF,RGB
HP,set3_s11_20.tif,224x224,TIFF,RGB
HP,set4_s11_55.tif,224x224,TIFF,RGB
HP,set4_s11_42.tif,224x224,TIFF,RGB
HP,set2_s11_83.tif,224x224,TIFF,RGB
HP,set4_s11_71.tif,224x224,TIFF,RGB
HP,set2_s11_79.tif,224x224,TIFF,RGB
HP,set4_s11_74.tif,224x224,TIFF,RGB
HP,set4_s11_85.tif,224x224,TIFF,RGB
HP,set4_s11_105.tif,224x224,TIFF,RGB
HP,set2_s11_68.tif,224x224,TIFF,RGB
HP,set1_s11_9.tif,224x224,TIFF,RGB
HP,set2_s11_30.tif,224x224,TIFF,RGB
HP,set4_s11_19.tif,224x224,TIFF,RGB
HP,set3_s11_16.tif,224x224,TIFF,RGB
HP,set4_s11_101.tif,224x224,TIFF,RGB
HP,set4_s11_35.tif,224x224,TIFF,RGB
HP,set2_s11_42.tif,224x224,TIFF,RGB
HP,set4_s11_81.tif,224x224,TIFF,RGB
HP,set4_s11_83.tif,224x224,TIFF,RGB
HP,set1_s11_1.tif,224x224,TIFF,RGB
HP,set4_s11_62.tif,224x224,TIFF,RGB
HP,set2_s11_7.tif,224x224,TIFF,RGB
HP,set4_s11_73.tif,224x224,TIFF,RGB
HP,set2_s11_39.tif,224x224,TIFF,RGB
HP,set1_s11_6.tif,224x224,TIFF,RGB
HP,set1_s11_13.tif,224x224,TIFF,RGB
HP,set2_s11_73.tif,224x224,TIFF,RGB
HP,set1_s11_28.tif,224x224,TIFF,RGB
HP,set2_s11_18.tif,224x224,TIFF,RGB
HP,set4_s11_68.tif,224x224,TIFF,RGB
HP,set4_s11_34.tif,224x224,TIFF,RGB
HP,set1_s11_3.tif,224x224,TIFF,RGB
HP,set4_s11_66.tif,224x224,TIFF,RGB
HP,set4_s11_57.tif,224x224,TIFF,RGB
HP,set2_s11_95.tif,224x224,TIFF,RGB
HP,set2_s11_23.tif,224x224,TIFF,RGB
HP,set4_s11_79.tif,224x224,TIFF,RGB
HP,set2_s11_62.tif,224x224,TIFF,RGB
HP,set4_s11_43.tif,224x224,TIFF,RGB
HP,set4_s11_93.tif,224x224,TIFF,RGB
HP,set2_s11_99.tif,224x224,TIFF,RGB
HP,set2_s11_50.tif,224x224,TIFF,RGB
HP,set2_s11_64.tif,224x224,TIFF,RGB
HP,set1_s11_11.tif,224x224,TIFF,RGB
HP,set2_s11_53.tif,224x224,TIFF,RGB
HP,set1_s11_18.tif,224x224,TIFF,RGB
HP,set3_s11_2.tif,224x224,TIFF,RGB
HP,set4_s11_70.tif,224x224,TIFF,RGB
HP,set2_s11_70.tif,224x224,TIFF,RGB
HP,set2_s11_40.tif,224x224,TIFF,RGB
HP,set2_s11_17.tif,224x224,TIFF,RGB
HP,set2_s11_61.tif,224x224,TIFF,RGB
HP,set3_s11_25.tif,224x224,TIFF,RGB
HP,set2_s11_13.tif,224x224,TIFF,RGB
HP,set4_s11_78.tif,224x224,TIFF,RGB
HP,set2_s11_85.tif,224x224,TIFF,RGB
HP,set2_s11_37.tif,224x224,TIFF,RGB
HP,set4_s11_61.tif,224x224,TIFF,RGB
HP,set2_s11_35.tif,224x224,TIFF,RGB
HP,set4_s11_14.tif,224x224,TIFF,RGB
HP,set1_s11_40.tif,224x224,TIFF,RGB
HP,set4_s11_106.tif,224x224,TIFF,RGB
HP,set2_s11_21.tif,224x224,TIFF,RGB
HP,set2_s11_48.tif,224x224,TIFF,RGB
HP,set2_s11_84.tif,224x224,TIFF,RGB
HP,set2_s11_46.tif,224x224,TIFF,RGB
HP,set4_s11_65.tif,224x224,TIFF,RGB
HP,set3_s11_34.tif,224x224,TIFF,RGB
HP,set2_s11_67.tif,224x224,TIFF,RGB
HP,set4_s11_23.tif,224x224,TIFF,RGB
HP,set2_s11_49.tif,224x224,TIFF,RGB
HP,set2_s11_47.tif,224x224,TIFF,RGB
HP,set4_s11_59.tif,224x224,TIFF,RGB
HP,set2_s11_75.tif,224x224,TIFF,RGB
HP,set2_s11_100.tif,224x224,TIFF,RGB
HP,set4_s11_37.tif,224x224,TIFF,RGB
HP,set2_s11_66.tif,224x224,TIFF,RGB
HP,set4_s11_33.tif,224x224,TIFF,RGB
HP,set4_s11_86.tif,224x224,TIFF,RGB
HP,set4_s11_51.tif,224x224,TIFF,RGB
HP,set1_s11_15.tif,224x224,TIFF,RGB
HP,set4_s11_103.tif,224x224,TIFF,RGB
HP,set2_s11_57.tif,224x224,TIFF,RGB
HP,set3_s11_4.tif,224x224,TIFF,RGB
HP,set4_s11_64.tif,224x224,TIFF,RGB
HP,set4_s11_20.tif,224x224,TIFF,RGB
HP,set2_s11_90.tif,224x224,TIFF,RGB
HP,set3_s11_15.tif,224x224,TIFF,RGB
HP,set1_s11_2.tif,224x224,TIFF,RGB
HP,set2_s11_60.tif,224x224,TIFF,RGB
HP,set2_s11_77.tif,224x224,TIFF,RGB
HP,set1_s11_52.tif,224x224,TIFF,RGB
HP,set2_s11_32.tif,224x224,TIFF,RGB
HP,set1_s11_44.tif,224x224,TIFF,RGB
HP,set4_s11_80.tif,224x224,TIFF,RGB
HP,set4_s11_104.tif,224x224,TIFF,RGB
HP,set2_s11_81.tif,224x224,TIFF,RGB
HP,set2_s11_56.tif,224x224,TIFF,RGB
HP,set4_s11_69.tif,224x224,TIFF,RGB
HP,set3_s11_11.tif,224x224,TIFF,RGB
HP,set2_s11_71.tif,224x224,TIFF,RGB
HP,set4_s11_89.tif,224x224,TIFF,RGB
HP,set3_s11_10.tif,224x224,TIFF,RGB
HP,set4_s11_48.tif,224x224,TIFF,RGB
HP,set4_s11_53.tif,224x224,TIFF,RGB
HP,set4_s11_84.tif,224x224,TIFF,RGB
HP,set4_s11_72.tif,224x224,TIFF,RGB
HP,set2_s11_72.tif,224x224,TIFF,RGB
HP,set1_s11_8.tif,224x224,TIFF,RGB
HP,set4_s11_67.tif,224x224,TIFF,RGB
HP,set4_s11_25.tif,224x224,TIFF,RGB
HP,set1_s11_7.tif,224x224,TIFF,RGB
HP,set3_s11_1.tif,224x224,TIFF,RGB
HP,set4_s11_90.tif,224x224,TIFF,RGB
HP,set4_s11_56.tif,224x224,TIFF,RGB
HP,set4_s11_45.tif,224x224,TIFF,RGB
HP,set4_s11_92.tif,224x224,TIFF,RGB
HP,set3_s11_9.tif,224x224,TIFF,RGB
HP,set4_s11_41.tif,224x224,TIFF,RGB
HP,set2_s11_65.tif,224x224,TIFF,RGB
HP,set2_s11_27.tif,224x224,TIFF,RGB
HP,set4_s11_58.tif,224x224,TIFF,RGB
Canon120-1,set1_s7_93.tif,224x224,TIFF,RGB
Canon120-1,set4_s1_32.tif,224x224,TIFF,RGB
Canon120-1,set3_s1_55.tif,224x224,TIFF,RGB
Canon120-1,set1_s7_83.tif,224x224,TIFF,RGB
Canon120-1,set1_s7_19.tif,224x224,TIFF,RGB
Canon120-1,set3_s1_28.tif,224x224,TIFF,RGB
Canon120-1,set3_s1_67.tif,224x224,TIFF,RGB
Canon120-1,set3_s1_90.tif,224x224,TIFF,RGB
Canon120-1,set1_s7_63.tif,224x224,TIFF,RGB
Canon120-1,set3_s1_20.tif,224x224,TIFF,RGB
Canon120-1,set3_s1_50.tif,224x224,TIFF,RGB
Canon120-1,set3_s1_68.tif,224x224,TIFF,RGB
Canon120-1,set3_s1_104.tif,224x224,TIFF,RGB
Canon120-1,set3_s1_57.tif,224x224,TIFF,RGB
Canon120-1,set1_s7_88.tif,224x224,TIFF,RGB
Canon120-1,set2_s7_26.tif,224x224,TIFF,RGB
Canon120-1,set4_s1_9.tif,224x224,TIFF,RGB
Canon120-1,set3_s1_81.tif,224x224,TIFF,RGB
Canon120-1,set1_s7_70.tif,224x224,TIFF,RGB
Canon120-1,set2_s7_42.tif,224x224,TIFF,RGB
Canon120-1,set3_s1_87.tif,224x224,TIFF,RGB
Canon120-1,set1_s7_99.tif,224x224,TIFF,RGB
Canon120-1,set3_s1_100.tif,224x224,TIFF,RGB
Canon120-1,set1_s7_12.tif,224x224,TIFF,RGB
Canon120-1,set3_s1_38.tif,224x224,TIFF,RGB
Canon120-1,set3_s1_73.tif,224x224,TIFF,RGB
Canon120-1,set1_s7_34.tif,224x224,TIFF,RGB
Canon120-1,set4_s1_16.tif,224x224,TIFF,RGB
Canon120-1,set3_s1_89.tif,224x224,TIFF,RGB
Canon120-1,set1_s7_52.tif,224x224,TIFF,RGB
Canon120-1,set1_s7_28.tif,224x224,TIFF,RGB
Canon120-1,set3_s1_21.tif,224x224,TIFF,RGB
Canon120-1,set1_s7_90.tif,224x224,TIFF,RGB
Canon120-1,set1_s7_21.tif,224x224,TIFF,RGB
Canon120-1,set4_s1_19.tif,224x224,TIFF,RGB
Canon120-1,set1_s7_22.tif,224x224,TIFF,RGB
Canon120-1,set1_s7_66.tif,224x224,TIFF,RGB
Canon120-1,set4_s1_6.tif,224x224,TIFF,RGB
Canon120-1,set3_s1_44.tif,224x224,TIFF,RGB
Canon120-1,set3_s1_101.tif,224x224,TIFF,RGB
Canon120-1,set3_s1_60.tif,224x224,TIFF,RGB
Canon120-1,set1_s7_33.tif,224x224,TIFF,RGB
Canon120-1,set1_s7_78.tif,224x224,TIFF,RGB
Canon120-1,set3_s1_105.tif,224x224,TIFF,RGB
Canon120-1,set3_s1_94.tif,224x224,TIFF,RGB
Canon120-1,set3_s1_102.tif,224x224,TIFF,RGB
Canon120-1,set1_s7_79.tif,224x224,TIFF,RGB
Canon120-1,set1_s7_84.tif,224x224,TIFF,RGB
Canon120-1,set1_s7_59.tif,224x224,TIFF,RGB
Canon120-1,set1_s7_39.tif,224x224,TIFF,RGB
Canon120-1,set1_s7_48.tif,224x224,TIFF,RGB
Canon120-1,set1_s7_51.tif,224x224,TIFF,RGB
Canon120-1,set1_s7_31.tif,224x224,TIFF,RGB
Canon120-1,set2_s7_3.tif,224x224,TIFF,RGB
Canon120-1,set1_s7_27.tif,224x224,TIFF,RGB
Canon120-1,set1_s7_77.tif,224x224,TIFF,RGB
Canon120-1,set3_s1_79.tif,224x224,TIFF,RGB
Canon120-1,set3_s1_56.tif,224x224,TIFF,RGB
Canon120-1,set1_s7_43.tif,224x224,TIFF,RGB
Canon120-1,set1_s7_58.tif,224x224,TIFF,RGB
Canon120-1,set1_s7_50.tif,224x224,TIFF,RGB
Canon120-1,set4_s1_13.tif,224x224,TIFF,RGB
Canon120-1,set3_s1_45.tif,224x224,TIFF,RGB
Canon120-1,set1_s7_71.tif,224x224,TIFF,RGB
Canon120-1,set3_s1_58.tif,224x224,TIFF,RGB
Canon120-1,set1_s7_25.tif,224x224,TIFF,RGB
Canon120-1,set3_s1_99.tif,224x224,TIFF,RGB
Canon120-1,set1_s7_68.tif,224x224,TIFF,RGB
Canon120-1,set4_s1_1.tif,224x224,TIFF,RGB
Canon120-1,set4_s1_3.tif,224x224,TIFF,RGB
Canon120-1,set3_s1_48.tif,224x224,TIFF,RGB
Canon120-1,set1_s7_67.tif,224x224,TIFF,RGB
Canon120-1,set1_s7_17.tif,224x224,TIFF,RGB
Canon120-1,set1_s7_76.tif,224x224,TIFF,RGB
Canon120-1,set2_s7_2.tif,224x224,TIFF,RGB
Canon120-1,set3_s1_42.tif,224x224,TIFF,RGB
Canon120-1,set1_s7_56.tif,224x224,TIFF,RGB
Canon120-1,set3_s1_35.tif,224x224,TIFF,RGB
Canon120-1,set3_s1_59.tif,224x224,TIFF,RGB
Canon120-1,set2_s7_1.tif,224x224,TIFF,RGB
Canon120-1,set3_s1_88.tif,224x224,TIFF,RGB
Canon120-1,set4_s1_5.tif,224x224,TIFF,RGB
Canon120-1,set3_s1_98.tif,224x224,TIFF,RGB
Canon120-1,set3_s1_46.tif,224x224,TIFF,RGB
Canon120-1,set3_s1_49.tif,224x224,TIFF,RGB
Canon120-1,set3_s1_93.tif,224x224,TIFF,RGB
Canon120-1,set3_s1_91.tif,224x224,TIFF,RGB
Canon120-1,set1_s7_53.tif,224x224,TIFF,RGB
Canon120-1,set3_s1_86.tif,224x224,TIFF,RGB
Canon120-1,set3_s1_27.tif,224x224,TIFF,RGB
Canon120-1,set1_s7_96.tif,224x224,TIFF,RGB
Canon120-1,set3_s1_62.tif,224x224,TIFF,RGB
Canon120-1,set1_s7_41.tif,224x224,TIFF,RGB
Canon120-1,set1_s7_75.tif,224x224,TIFF,RGB
Canon120-1,set3_s1_47.tif,224x224,TIFF,RGB
Canon120-1,set2_s7_4.tif,224x224,TIFF,RGB
Canon120-1,set1_s7_80.tif,224x224,TIFF,RGB
Canon120-1,set3_s1_18.tif,224x224,TIFF,RGB
Canon120-1,set3_s1_17.tif,224x224,TIFF,RGB
Canon120-1,set2_s7_16.tif,224x224,TIFF,RGB
Canon120-1,set3_s1_36.tif,224x224,TIFF,RGB
Canon120-1,set1_s7_61.tif,224x224,TIFF,RGB
Canon120-1,set1_s7_36.tif,224x224,TIFF,RGB
Canon120-1,set3_s1_74.tif,224x224,TIFF,RGB
Canon120-1,set3_s1_95.tif,224x224,TIFF,RGB
Canon120-1,set1_s7_81.tif,224x224,TIFF,RGB
Canon120-1,set1_s7_85.tif,224x224,TIFF,RGB
Canon120-1,set3_s1_53.tif,224x224,TIFF,RGB
Canon120-1,set1_s7_55.tif,224x224,TIFF,RGB
Canon120-1,set3_s1_103.tif,224x224,TIFF,RGB
Canon120-1,set3_s1_82.tif,224x224,TIFF,RGB
Canon120-1,set1_s7_49.tif,224x224,TIFF,RGB
Canon120-1,set3_s1_40.tif,224x224,TIFF,RGB
Canon120-1,set1_s7_69.tif,224x224,TIFF,RGB
Canon120-1,set4_s1_15.tif,224x224,TIFF,RGB
Canon120-1,set2_s7_15.tif,224x224,TIFF,RGB
Canon120-1,set1_s7_65.tif,224x224,TIFF,RGB
Canon120-1,set2_s7_7.tif,224x224,TIFF,RGB
Canon120-1,set2_s7_11.tif,224x224,TIFF,RGB
Canon120-1,set3_s1_72.tif,224x224,TIFF,RGB
Canon120-1,set1_s7_40.tif,224x224,TIFF,RGB
Canon120-1,set3_s1_64.tif,224x224,TIFF,RGB
Canon120-1,set3_s1_75.tif,224x224,TIFF,RGB
Canon120-1,set4_s1_39.tif,224x224,TIFF,RGB
Canon120-1,set1_s7_86.tif,224x224,TIFF,RGB
Canon120-1,set3_s1_65.tif,224x224,TIFF,RGB
Canon120-1,set2_s7_5.tif,224x224,TIFF,RGB
Canon120-1,set4_s1_33.tif,224x224,TIFF,RGB
Canon120-1,set3_s1_30.tif,224x224,TIFF,RGB
Canon120-1,set1_s7_45.tif,224x224,TIFF,RGB
Canon120-1,set1_s7_29.tif,224x224,TIFF,RGB
Canon120-1,set3_s1_77.tif,224x224,TIFF,RGB
Canon120-1,set1_s7_100.tif,224x224,TIFF,RGB
Canon120-1,set3_s1_61.tif,224x224,TIFF,RGB
Canon120-1,set3_s1_85.tif,224x224,TIFF,RGB
Canon120-1,set4_s1_12.tif,224x224,TIFF,RGB
Canon120-1,set3_s1_22.tif,224x224,TIFF,RGB
Canon120-1,set3_s1_69.tif,224x224,TIFF,RGB
Canon120-1,set3_s1_34.tif,224x224,TIFF,RGB
Canon120-1,set3_s1_83.tif,224x224,TIFF,RGB
Canon120-1,set1_s7_20.tif,224x224,TIFF,RGB
Canon120-1,set1_s7_97.tif,224x224,TIFF,RGB
Canon120-1,set4_s1_14.tif,224x224,TIFF,RGB
Canon120-1,set1_s7_91.tif,224x224,TIFF,RGB
Canon120-1,set3_s1_37.tif,224x224,TIFF,RGB
Canon120-1,set1_s7_87.tif,224x224,TIFF,RGB
Canon120-1,set1_s7_23.tif,224x224,TIFF,RGB
Canon120-1,set3_s1_52.tif,224x224,TIFF,RGB
Canon120-1,set1_s7_47.tif,224x224,TIFF,RGB
Canon120-1,set3_s1_76.tif,224x224,TIFF,RGB
Canon120-1,set1_s7_35.tif,224x224,TIFF,RGB
Canon120-1,set2_s7_24.tif,224x224,TIFF,RGB
Canon120-1,set4_s1_8.tif,224x224,TIFF,RGB
Canon120-1,set1_s7_57.tif,224x224,TIFF,RGB
Canon120-1,set4_s1_29.tif,224x224,TIFF,RGB
Canon120-1,set3_s1_41.tif,224x224,TIFF,RGB
Canon120-1,set2_s7_9.tif,224x224,TIFF,RGB
Canon120-1,set1_s7_89.tif,224x224,TIFF,RGB
Canon120-1,set3_s1_54.tif,224x224,TIFF,RGB
Canon120-1,set3_s1_31.tif,224x224,TIFF,RGB
Canon120-1,set4_s1_23.tif,224x224,TIFF,RGB
Canon120-1,set3_s1_78.tif,224x224,TIFF,RGB
Canon120-1,set1_s7_95.tif,224x224,TIFF,RGB
Canon120-1,set1_s7_38.tif,224x224,TIFF,RGB
Canon120-1,set4_s1_4.tif,224x224,TIFF,RGB
Canon120-1,set3_s1_106.tif,224x224,TIFF,RGB
Canon120-1,set3_s1_96.tif,224x224,TIFF,RGB
Canon120-1,set1_s7_18.tif,224x224,TIFF,RGB
Canon120-1,set1_s7_92.tif,224x224,TIFF,RGB
Canon120-1,set4_s1_2.tif,224x224,TIFF,RGB
Canon120-1,set3_s1_25.tif,224x224,TIFF,RGB
Canon120-1,set1_s7_98.tif,224x224,TIFF,RGB
Canon120-1,set1_s7_64.tif,224x224,TIFF,RGB
Canon120-1,set1_s7_74.tif,224x224,TIFF,RGB
Canon120-1,set3_s1_92.tif,224x224,TIFF,RGB
Canon120-1,set3_s1_66.tif,224x224,TIFF,RGB
Canon120-1,set1_s7_32.tif,224x224,TIFF,RGB
Canon120-1,set3_s1_97.tif,224x224,TIFF,RGB
Canon120-1,set1_s7_72.tif,224x224,TIFF,RGB
Canon120-1,set2_s7_8.tif,224x224,TIFF,RGB
Canon120-1,set1_s7_73.tif,224x224,TIFF,RGB
Canon120-1,set3_s1_63.tif,224x224,TIFF,RGB
Canon120-1,set1_s7_62.tif,224x224,TIFF,RGB
Canon120-1,set2_s7_14.tif,224x224,TIFF,RGB
Canon120-1,set2_s7_13.tif,224x224,TIFF,RGB
Canon120-1,set4_s1_24.tif,224x224,TIFF,RGB
Canon120-1,set3_s1_107.tif,224x224,TIFF,RGB
Canon120-1,set2_s7_6.tif,224x224,TIFF,RGB
Canon120-1,set1_s7_46.tif,224x224,TIFF,RGB
Canon120-1,set3_s1_26.tif,224x224,TIFF,RGB
Canon120-1,set3_s1_71.tif,224x224,TIFF,RGB
Canon120-1,set3_s1_108.tif,224x224,TIFF,RGB
Canon120-1,set1_s7_82.tif,224x224,TIFF,RGB
Canon120-1,set3_s1_80.tif,224x224,TIFF,RGB
Canon120-1,set1_s7_94.tif,224x224,TIFF,RGB
Canon120-1,set4_s1_7.tif,224x224,TIFF,RGB
Canon120-1,set1_s7_37.tif,224x224,TIFF,RGB
Canon120-1,set3_s1_70.tif,224x224,TIFF,RGB
Canon120-1,set3_s1_84.tif,224x224,TIFF,RGB
Canon120-1,set1_s7_44.tif,224x224,TIFF,RGB
Canon120-1,set2_s7_30.tif,224x224,TIFF,RGB
Canon120-1,set1_s7_10.tif,224x224,TIFF,RGB
Canon120-1,set3_s1_51.tif,224x224,TIFF,RGB
Canon120-1,set4_s1_10.tif,224x224,TIFF,RGB
Canon120-1,set3_s1_43.tif,224x224,TIFF,RGB
Canon120-1,set1_s7_60.tif,224x224,TIFF,RGB
Canon120-1,set1_s7_54.tif,224x224,TIFF,RGB
Canon120-1,set3_s1_11.tif,224x224,TIFF,RGB
EpsonV39-1,set4_s8_49.tif,224x224,TIFF,RGB
EpsonV39-1,set3_s8_42.tif,224x224,TIFF,RGB
EpsonV39-1,set4_s8_105.tif,224x224,TIFF,RGB
EpsonV39-1,set3_s8_80.tif,224x224,TIFF,RGB
EpsonV39-1,set3_s8_92.tif,224x224,TIFF,RGB
EpsonV39-1,set3_s8_90.tif,224x224,TIFF,RGB
EpsonV39-1,set4_s8_102.tif,224x224,TIFF,RGB
EpsonV39-1,set3_s8_6.tif,224x224,TIFF,RGB
EpsonV39-1,set2_s8_13.tif,224x224,TIFF,RGB
EpsonV39-1,set3_s8_34.tif,224x224,TIFF,RGB
EpsonV39-1,set4_s8_32.tif,224x224,TIFF,RGB
EpsonV39-1,set4_s8_54.tif,224x224,TIFF,RGB
EpsonV39-1,set4_s8_55.tif,224x224,TIFF,RGB
EpsonV39-1,set4_s8_90.tif,224x224,TIFF,RGB
EpsonV39-1,set4_s8_48.tif,224x224,TIFF,RGB
EpsonV39-1,set4_s8_24.tif,224x224,TIFF,RGB
EpsonV39-1,set4_s8_28.tif,224x224,TIFF,RGB
EpsonV39-1,set4_s8_100.tif,224x224,TIFF,RGB
EpsonV39-1,set3_s8_41.tif,224x224,TIFF,RGB
EpsonV39-1,set4_s8_39.tif,224x224,TIFF,RGB
EpsonV39-1,set4_s8_4.tif,224x224,TIFF,RGB
EpsonV39-1,set3_s8_66.tif,224x224,TIFF,RGB
EpsonV39-1,set3_s8_74.tif,224x224,TIFF,RGB
EpsonV39-1,set3_s8_39.tif,224x224,TIFF,RGB
EpsonV39-1,set4_s8_86.tif,224x224,TIFF,RGB
EpsonV39-1,set4_s8_69.tif,224x224,TIFF,RGB
EpsonV39-1,set4_s8_42.tif,224x224,TIFF,RGB
EpsonV39-1,set4_s8_29.tif,224x224,TIFF,RGB
EpsonV39-1,set4_s8_61.tif,224x224,TIFF,RGB
EpsonV39-1,set3_s8_68.tif,224x224,TIFF,RGB
EpsonV39-1,set4_s8_108.tif,224x224,TIFF,RGB
EpsonV39-1,set4_s8_101.tif,224x224,TIFF,RGB
EpsonV39-1,set3_s8_71.tif,224x224,TIFF,RGB
EpsonV39-1,set4_s8_92.tif,224x224,TIFF,RGB
EpsonV39-1,set3_s8_79.tif,224x224,TIFF,RGB
EpsonV39-1,set3_s8_50.tif,224x224,TIFF,RGB
EpsonV39-1,set3_s8_45.tif,224x224,TIFF,RGB
EpsonV39-1,set2_s8_2.tif,224x224,TIFF,RGB
EpsonV39-1,set2_s8_19.tif,224x224,TIFF,RGB
EpsonV39-1,set1_s8_2.tif,224x224,TIFF,RGB
EpsonV39-1,set2_s8_18.tif,224x224,TIFF,RGB
EpsonV39-1,set3_s8_30.tif,224x224,TIFF,RGB
EpsonV39-1,set4_s8_16.tif,224x224,TIFF,RGB
EpsonV39-1,set1_s8_16.tif,224x224,TIFF,RGB
EpsonV39-1,set1_s8_5.tif,224x224,TIFF,RGB
EpsonV39-1,set3_s8_81.tif,224x224,TIFF,RGB
EpsonV39-1,set4_s8_59.tif,224x224,TIFF,RGB
EpsonV39-1,set1_s8_3.tif,224x224,TIFF,RGB
EpsonV39-1,set4_s8_53.tif,224x224,TIFF,RGB
EpsonV39-1,set4_s8_30.tif,224x224,TIFF,RGB
EpsonV39-1,set4_s8_52.tif,224x224,TIFF,RGB
EpsonV39-1,set3_s8_18.tif,224x224,TIFF,RGB
EpsonV39-1,set4_s8_97.tif,224x224,TIFF,RGB
EpsonV39-1,set3_s8_52.tif,224x224,TIFF,RGB
EpsonV39-1,set4_s8_25.tif,224x224,TIFF,RGB
EpsonV39-1,set3_s8_76.tif,224x224,TIFF,RGB
EpsonV39-1,set3_s8_72.tif,224x224,TIFF,RGB
EpsonV39-1,set3_s8_43.tif,224x224,TIFF,RGB
EpsonV39-1,set3_s8_55.tif,224x224,TIFF,RGB
EpsonV39-1,set4_s8_91.tif,224x224,TIFF,RGB
EpsonV39-1,set4_s8_94.tif,224x224,TIFF,RGB
EpsonV39-1,set4_s8_84.tif,224x224,TIFF,RGB
EpsonV39-1,set3_s8_48.tif,224x224,TIFF,RGB
EpsonV39-1,set4_s8_47.tif,224x224,TIFF,RGB
EpsonV39-1,set3_s8_95.tif,224x224,TIFF,RGB
EpsonV39-1,set3_s8_82.tif,224x224,TIFF,RGB
EpsonV39-1,set3_s8_83.tif,224x224,TIFF,RGB
EpsonV39-1,set3_s8_98.tif,224x224,TIFF,RGB
EpsonV39-1,set4_s8_40.tif,224x224,TIFF,RGB
EpsonV39-1,set3_s8_53.tif,224x224,TIFF,RGB
EpsonV39-1,set3_s8_56.tif,224x224,TIFF,RGB
EpsonV39-1,set3_s8_28.tif,224x224,TIFF,RGB
EpsonV39-1,set4_s8_83.tif,224x224,TIFF,RGB
EpsonV39-1,set2_s8_15.tif,224x224,TIFF,RGB
EpsonV39-1,set3_s8_27.tif,224x224,TIFF,RGB
EpsonV39-1,set3_s8_99.tif,224x224,TIFF,RGB
EpsonV39-1,set1_s8_7.tif,224x224,TIFF,RGB
EpsonV39-1,set3_s8_38.tif,224x224,TIFF,RGB
EpsonV39-1,set4_s8_33.tif,224x224,TIFF,RGB
EpsonV39-1,set4_s8_72.tif,224x224,TIFF,RGB
EpsonV39-1,set4_s8_60.tif,224x224,TIFF,RGB
EpsonV39-1,set4_s8_65.tif,224x224,TIFF,RGB
EpsonV39-1,set4_s8_73.tif,224x224,TIFF,RGB
EpsonV39-1,set3_s8_88.tif,224x224,TIFF,RGB
EpsonV39-1,set1_s8_4.tif,224x224,TIFF,RGB
EpsonV39-1,set2_s8_5.tif,224x224,TIFF,RGB
EpsonV39-1,set4_s8_104.tif,224x224,TIFF,RGB
EpsonV39-1,set2_s8_7.tif,224x224,TIFF,RGB
EpsonV39-1,set1_s8_11.tif,224x224,TIFF,RGB
EpsonV39-1,set3_s8_37.tif,224x224,TIFF,RGB
EpsonV39-1,set2_s8_23.tif,224x224,TIFF,RGB
EpsonV39-1,set3_s8_13.tif,224x224,TIFF,RGB
EpsonV39-1,set4_s8_66.tif,224x224,TIFF,RGB
EpsonV39-1,set4_s8_89.tif,224x224,TIFF,RGB
EpsonV39-1,set3_s8_86.tif,224x224,TIFF,RGB
EpsonV39-1,set3_s8_67.tif,224x224,TIFF,RGB
EpsonV39-1,set1_s8_25.tif,224x224,TIFF,RGB
EpsonV39-1,set2_s8_22.tif,224x224,TIFF,RGB
EpsonV39-1,set4_s8_71.tif,224x224,TIFF,RGB
EpsonV39-1,set4_s8_70.tif,224x224,TIFF,RGB
EpsonV39-1,set3_s8_40.tif,224x224,TIFF,RGB
EpsonV39-1,set3_s8_46.tif,224x224,TIFF,RGB
EpsonV39-1,set4_s8_99.tif,224x224,TIFF,RGB
EpsonV39-1,set1_s8_8.tif,224x224,TIFF,RGB
EpsonV39-1,set4_s8_76.tif,224x224,TIFF,RGB
EpsonV39-1,set4_s8_78.tif,224x224,TIFF,RGB
EpsonV39-1,set4_s8_77.tif,224x224,TIFF,RGB
EpsonV39-1,set4_s8_31.tif,224x224,TIFF,RGB
EpsonV39-1,set4_s8_95.tif,224x224,TIFF,RGB
EpsonV39-1,set4_s8_106.tif,224x224,TIFF,RGB
EpsonV39-1,set4_s8_36.tif,224x224,TIFF,RGB
EpsonV39-1,set3_s8_32.tif,224x224,TIFF,RGB
EpsonV39-1,set4_s8_64.tif,224x224,TIFF,RGB
EpsonV39-1,set4_s8_43.tif,224x224,TIFF,RGB
EpsonV39-1,set4_s8_62.tif,224x224,TIFF,RGB
EpsonV39-1,set1_s8_20.tif,224x224,TIFF,RGB
EpsonV39-1,set4_s8_58.tif,224x224,TIFF,RGB
EpsonV39-1,set4_s8_63.tif,224x224,TIFF,RGB
EpsonV39-1,set2_s8_9.tif,224x224,TIFF,RGB
EpsonV39-1,set3_s8_58.tif,224x224,TIFF,RGB
EpsonV39-1,set3_s8_85.tif,224x224,TIFF,RGB
EpsonV39-1,set4_s8_96.tif,224x224,TIFF,RGB
EpsonV39-1,set3_s8_64.tif,224x224,TIFF,RGB
EpsonV39-1,set3_s8_97.tif,224x224,TIFF,RGB
EpsonV39-1,set4_s8_79.tif,224x224,TIFF,RGB
EpsonV39-1,set2_s8_6.tif,224x224,TIFF,RGB
EpsonV39-1,set2_s8_20.tif,224x224,TIFF,RGB
EpsonV39-1,set4_s8_45.tif,224x224,TIFF,RGB
EpsonV39-1,set4_s8_34.tif,224x224,TIFF,RGB
EpsonV39-1,set3_s8_60.tif,224x224,TIFF,RGB
EpsonV39-1,set3_s8_84.tif,224x224,TIFF,RGB
EpsonV39-1,set4_s8_51.tif,224x224,TIFF,RGB
EpsonV39-1,set3_s8_62.tif,224x224,TIFF,RGB
EpsonV39-1,set4_s8_37.tif,224x224,TIFF,RGB
EpsonV39-1,set4_s8_26.tif,224x224,TIFF,RGB
EpsonV39-1,set1_s8_24.tif,224x224,TIFF,RGB
EpsonV39-1,set3_s8_59.tif,224x224,TIFF,RGB
EpsonV39-1,set3_s8_65.tif,224x224,TIFF,RGB
EpsonV39-1,set2_s8_3.tif,224x224,TIFF,RGB
EpsonV39-1,set4_s8_98.tif,224x224,TIFF,RGB
EpsonV39-1,set4_s8_85.tif,224x224,TIFF,RGB
EpsonV39-1,set3_s8_26.tif,224x224,TIFF,RGB
EpsonV39-1,set1_s8_9.tif,224x224,TIFF,RGB
EpsonV39-1,set3_s8_33.tif,224x224,TIFF,RGB
EpsonV39-1,set2_s8_1.tif,224x224,TIFF,RGB
EpsonV39-1,set1_s8_1.tif,224x224,TIFF,RGB
EpsonV39-1,set2_s8_27.tif,224x224,TIFF,RGB
EpsonV39-1,set3_s8_77.tif,224x224,TIFF,RGB
EpsonV39-1,set4_s8_56.tif,224x224,TIFF,RGB
EpsonV39-1,set1_s8_14.tif,224x224,TIFF,RGB
EpsonV39-1,set3_s8_29.tif,224x224,TIFF,RGB
EpsonV39-1,set4_s8_35.tif,224x224,TIFF,RGB
EpsonV39-1,set3_s8_57.tif,224x224,TIFF,RGB
EpsonV39-1,set3_s8_61.tif,224x224,TIFF,RGB
EpsonV39-1,set4_s8_80.tif,224x224,TIFF,RGB
EpsonV39-1,set4_s8_75.tif,224x224,TIFF,RGB
EpsonV39-1,set3_s8_15.tif,224x224,TIFF,RGB
EpsonV39-1,set3_s8_49.tif,224x224,TIFF,RGB
EpsonV39-1,set2_s8_10.tif,224x224,TIFF,RGB
EpsonV39-1,set2_s8_14.tif,224x224,TIFF,RGB
EpsonV39-1,set3_s8_35.tif,224x224,TIFF,RGB
EpsonV39-1,set2_s8_8.tif,224x224,TIFF,RGB
EpsonV39-1,set3_s8_87.tif,224x224,TIFF,RGB
EpsonV39-1,set3_s8_10.tif,224x224,TIFF,RGB
EpsonV39-1,set3_s8_78.tif,224x224,TIFF,RGB
EpsonV39-1,set4_s8_107.tif,224x224,TIFF,RGB
EpsonV39-1,set3_s8_93.tif,224x224,TIFF,RGB
EpsonV39-1,set3_s8_91.tif,224x224,TIFF,RGB
EpsonV39-1,set3_s8_23.tif,224x224,TIFF,RGB
EpsonV39-1,set3_s8_73.tif,224x224,TIFF,RGB
EpsonV39-1,set3_s8_36.tif,224x224,TIFF,RGB
EpsonV39-1,set4_s8_38.tif,224x224,TIFF,RGB
EpsonV39-1,set3_s8_94.tif,224x224,TIFF,RGB
EpsonV39-1,set2_s8_12.tif,224x224,TIFF,RGB
EpsonV39-1,set4_s8_46.tif,224x224,TIFF,RGB
EpsonV39-1,set3_s8_22.tif,224x224,TIFF,RGB
EpsonV39-1,set3_s8_44.tif,224x224,TIFF,RGB
EpsonV39-1,set3_s8_75.tif,224x224,TIFF,RGB
EpsonV39-1,set2_s8_17.tif,224x224,TIFF,RGB
EpsonV39-1,set4_s8_88.tif,224x224,TIFF,RGB
EpsonV39-1,set1_s8_12.tif,224x224,TIFF,RGB
EpsonV39-1,set2_s8_21.tif,224x224,TIFF,RGB
EpsonV39-1,set4_s8_87.tif,224x224,TIFF,RGB
EpsonV39-1,set4_s8_103.tif,224x224,TIFF,RGB
EpsonV39-1,set3_s8_96.tif,224x224,TIFF,RGB
EpsonV39-1,set3_s8_51.tif,224x224,TIFF,RGB
EpsonV39-1,set3_s8_54.tif,224x224,TIFF,RGB
EpsonV39-1,set4_s8_57.tif,224x224,TIFF,RGB
EpsonV39-1,set4_s8_81.tif,224x224,TIFF,RGB
EpsonV39-1,set1_s8_19.tif,224x224,TIFF,RGB
EpsonV39-1,set4_s8_93.tif,224x224,TIFF,RGB
EpsonV39-1,set4_s8_74.tif,224x224,TIFF,RGB
EpsonV39-1,set4_s8_44.tif,224x224,TIFF,RGB
EpsonV39-1,set3_s8_100.tif,224x224,TIFF,RGB
EpsonV39-1,set4_s8_50.tif,224x224,TIFF,RGB
EpsonV39-1,set4_s8_68.tif,224x224,TIFF,RGB
EpsonV39-1,set3_s8_70.tif,224x224,TIFF,RGB
EpsonV39-1,set3_s8_17.tif,224x224,TIFF,RGB
EpsonV39-1,set1_s8_31.tif,224x224,TIFF,RGB
EpsonV39-1,set4_s8_41.tif,224x224,TIFF,RGB
EpsonV39-1,set3_s8_47.tif,224x224,TIFF,RGB
EpsonV39-1,set3_s8_21.tif,224x224,TIFF,RGB
EpsonV39-1,set3_s8_89.tif,224x224,TIFF,RGB
EpsonV39-1,set2_s8_11.tif,224x224,TIFF,RGB
EpsonV39-1,set4_s8_67.tif,224x224,TIFF,RGB
EpsonV39-1,set3_s8_63.tif,224x224,TIFF,RGB
EpsonV39-1,set3_s8_69.tif,224x224,TIFF,RGB
EpsonV39-1,set4_s8_82.tif,224x224,TIFF,RGB
EpsonV39-2,set3_s9_6.tif,224x224,TIFF,RGB
EpsonV39-2,set1_s9_23.tif,224x224,TIFF,RGB
EpsonV39-2,set2_s9_77.tif,224x224,TIFF,RGB
EpsonV39-2,set2_s9_66.tif,224x224,TIFF,RGB
EpsonV39-2,set3_s9_23.tif,224x224,TIFF,RGB
EpsonV39-2,set4_s9_5.tif,224x224,TIFF,RGB
EpsonV39-2,set2_s9_78.tif,224x224,TIFF,RGB
EpsonV39-2,set1_s9_57.tif,224x224,TIFF,RGB
EpsonV39-2,set2_s9_73.tif,224x224,TIFF,RGB
EpsonV39-2,set2_s9_31.tif,224x224,TIFF,RGB
EpsonV39-2,set2_s9_106.tif,224x224,TIFF,RGB
EpsonV39-2,set1_s9_99.tif,224x224,TIFF,RGB
EpsonV39-2,set1_s9_22.tif,224x224,TIFF,RGB
EpsonV39-2,set1_s9_39.tif,224x224,TIFF,RGB
EpsonV39-2,set1_s9_89.tif,224x224,TIFF,RGB
EpsonV39-2,set2_s9_45.tif,224x224,TIFF,RGB
EpsonV39-2,set2_s9_81.tif,224x224,TIFF,RGB
EpsonV39-2,set1_s9_60.tif,224x224,TIFF,RGB
EpsonV39-2,set1_s9_59.tif,224x224,TIFF,RGB
EpsonV39-2,set1_s9_55.tif,224x224,TIFF,RGB
EpsonV39-2,set2_s9_104.tif,224x224,TIFF,RGB
EpsonV39-2,set1_s9_86.tif,224x224,TIFF,RGB
EpsonV39-2,set3_s9_13.tif,224x224,TIFF,RGB
EpsonV39-2,set4_s9_20.tif,224x224,TIFF,RGB
EpsonV39-2,set4_s9_19.tif,224x224,TIFF,RGB
EpsonV39-2,set3_s9_9.tif,224x224,TIFF,RGB
EpsonV39-2,set1_s9_35.tif,224x224,TIFF,RGB
EpsonV39-2,set2_s9_38.tif,224x224,TIFF,RGB
EpsonV39-2,set1_s9_84.tif,224x224,TIFF,RGB
EpsonV39-2,set1_s9_10.tif,224x224,TIFF,RGB
EpsonV39-2,set2_s9_74.tif,224x224,TIFF,RGB
EpsonV39-2,set4_s9_28.tif,224x224,TIFF,RGB
EpsonV39-2,set2_s9_41.tif,224x224,TIFF,RGB
EpsonV39-2,set1_s9_36.tif,224x224,TIFF,RGB
EpsonV39-2,set2_s9_54.tif,224x224,TIFF,RGB
EpsonV39-2,set2_s9_52.tif,224x224,TIFF,RGB
EpsonV39-2,set2_s9_84.tif,224x224,TIFF,RGB
EpsonV39-2,set1_s9_62.tif,224x224,TIFF,RGB
EpsonV39-2,set1_s9_24.tif,224x224,TIFF,RGB
EpsonV39-2,set2_s9_97.tif,224x224,TIFF,RGB
EpsonV39-2,set1_s9_43.tif,224x224,TIFF,RGB
EpsonV39-2,set1_s9_34.tif,224x224,TIFF,RGB
EpsonV39-2,set1_s9_78.tif,224x224,TIFF,RGB
EpsonV39-2,set4_s9_14.tif,224x224,TIFF,RGB
EpsonV39-2,set2_s9_27.tif,224x224,TIFF,RGB
EpsonV39-2,set1_s9_79.tif,224x224,TIFF,RGB
EpsonV39-2,set1_s9_76.tif,224x224,TIFF,RGB
EpsonV39-2,set1_s9_21.tif,224x224,TIFF,RGB
EpsonV39-2,set4_s9_7.tif,224x224,TIFF,RGB
EpsonV39-2,set2_s9_61.tif,224x224,TIFF,RGB
EpsonV39-2,set2_s9_100.tif,224x224,TIFF,RGB
EpsonV39-2,set1_s9_56.tif,224x224,TIFF,RGB
EpsonV39-2,set2_s9_25.tif,224x224,TIFF,RGB
EpsonV39-2,set1_s9_66.tif,224x224,TIFF,RGB
EpsonV39-2,set1_s9_50.tif,224x224,TIFF,RGB
EpsonV39-2,set3_s9_4.tif,224x224,TIFF,RGB
EpsonV39-2,set2_s9_99.tif,224x224,TIFF,RGB
EpsonV39-2,set1_s9_94.tif,224x224,TIFF,RGB
EpsonV39-2,set2_s9_71.tif,224x224,TIFF,RGB
EpsonV39-2,set1_s9_27.tif,224x224,TIFF,RGB
EpsonV39-2,set2_s9_94.tif,224x224,TIFF,RGB
EpsonV39-2,set1_s9_16.tif,224x224,TIFF,RGB
EpsonV39-2,set2_s9_88.tif,224x224,TIFF,RGB
EpsonV39-2,set4_s9_12.tif,224x224,TIFF,RGB
EpsonV39-2,set2_s9_59.tif,224x224,TIFF,RGB
EpsonV39-2,set3_s9_11.tif,224x224,TIFF,RGB
EpsonV39-2,set1_s9_25.tif,224x224,TIFF,RGB
EpsonV39-2,set2_s9_46.tif,224x224,TIFF,RGB
EpsonV39-2,set2_s9_96.tif,224x224,TIFF,RGB
EpsonV39-2,set2_s9_40.tif,224x224,TIFF,RGB
EpsonV39-2,set2_s9_72.tif,224x224,TIFF,RGB
EpsonV39-2,set1_s9_63.tif,224x224,TIFF,RGB
EpsonV39-2,set1_s9_32.tif,224x224,TIFF,RGB
EpsonV39-2,set1_s9_37.tif,224x224,TIFF,RGB
EpsonV39-2,set2_s9_60.tif,224x224,TIFF,RGB
EpsonV39-2,set3_s9_21.tif,224x224,TIFF,RGB
EpsonV39-2,set2_s9_98.tif,224x224,TIFF,RGB
EpsonV39-2,set2_s9_8.tif,224x224,TIFF,RGB
EpsonV39-2,set1_s9_31.tif,224x224,TIFF,RGB
EpsonV39-2,set3_s9_2.tif,224x224,TIFF,RGB
EpsonV39-2,set1_s9_47.tif,224x224,TIFF,RGB
EpsonV39-2,set1_s9_38.tif,224x224,TIFF,RGB
EpsonV39-2,set2_s9_57.tif,224x224,TIFF,RGB
EpsonV39-2,set2_s9_33.tif,224x224,TIFF,RGB
EpsonV39-2,set1_s9_40.tif,224x224,TIFF,RGB
EpsonV39-2,set1_s9_61.tif,224x224,TIFF,RGB
EpsonV39-2,set2_s9_69.tif,224x224,TIFF,RGB
EpsonV39-2,set1_s9_82.tif,224x224,TIFF,RGB
EpsonV39-2,set1_s9_17.tif,224x224,TIFF,RGB
EpsonV39-2,set1_s9_11.tif,224x224,TIFF,RGB
EpsonV39-2,set3_s9_43.tif,224x224,TIFF,RGB
EpsonV39-2,set1_s9_87.tif,224x224,TIFF,RGB
EpsonV39-2,set3_s9_17.tif,224x224,TIFF,RGB
EpsonV39-2,set4_s9_6.tif,224x224,TIFF,RGB
EpsonV39-2,set2_s9_50.tif,224x224,TIFF,RGB
EpsonV39-2,set2_s9_86.tif,224x224,TIFF,RGB
EpsonV39-2,set1_s9_97.tif,224x224,TIFF,RGB
EpsonV39-2,set2_s9_92.tif,224x224,TIFF,RGB
EpsonV39-2,set2_s9_76.tif,224x224,TIFF,RGB
EpsonV39-2,set2_s9_83.tif,224x224,TIFF,RGB
EpsonV39-2,set2_s9_53.tif,224x224,TIFF,RGB
EpsonV39-2,set3_s9_1.tif,224x224,TIFF,RGB
EpsonV39-2,set1_s9_74.tif,224x224,TIFF,RGB
EpsonV39-2,set2_s9_55.tif,224x224,TIFF,RGB
EpsonV39-2,set2_s9_65.tif,224x224,TIFF,RGB
EpsonV39-2,set1_s9_51.tif,224x224,TIFF,RGB
EpsonV39-2,set1_s9_26.tif,224x224,TIFF,RGB
EpsonV39-2,set3_s9_29.tif,224x224,TIFF,RGB
EpsonV39-2,set1_s9_68.tif,224x224,TIFF,RGB
EpsonV39-2,set1_s9_30.tif,224x224,TIFF,RGB
EpsonV39-2,set2_s9_70.tif,224x224,TIFF,RGB
EpsonV39-2,set1_s9_58.tif,224x224,TIFF,RGB
EpsonV39-2,set2_s9_101.tif,224x224,TIFF,RGB
EpsonV39-2,set1_s9_41.tif,224x224,TIFF,RGB
EpsonV39-2,set1_s9_46.tif,224x224,TIFF,RGB
EpsonV39-2,set1_s9_8.tif,224x224,TIFF,RGB
EpsonV39-2,set2_s9_87.tif,224x224,TIFF,RGB
EpsonV39-2,set4_s9_4.tif,224x224,TIFF,RGB
EpsonV39-2,set2_s9_105.tif,224x224,TIFF,RGB
EpsonV39-2,set3_s9_20.tif,224x224,TIFF,RGB
EpsonV39-2,set1_s9_96.tif,224x224,TIFF,RGB
EpsonV39-2,set4_s9_1.tif,224x224,TIFF,RGB
EpsonV39-2,set2_s9_39.tif,224x224,TIFF,RGB
EpsonV39-2,set3_s9_16.tif,224x224,TIFF,RGB
EpsonV39-2,set2_s9_36.tif,224x224,TIFF,RGB
EpsonV39-2,set2_s9_91.tif,224x224,TIFF,RGB
EpsonV39-2,set2_s9_68.tif,224x224,TIFF,RGB
EpsonV39-2,set1_s9_73.tif,224x224,TIFF,RGB
EpsonV39-2,set2_s9_90.tif,224x224,TIFF,RGB
EpsonV39-2,set3_s9_12.tif,224x224,TIFF,RGB
EpsonV39-2,set2_s9_51.tif,224x224,TIFF,RGB
EpsonV39-2,set3_s9_19.tif,224x224,TIFF,RGB
EpsonV39-2,set1_s9_67.tif,224x224,TIFF,RGB
EpsonV39-2,set2_s9_63.tif,224x224,TIFF,RGB
EpsonV39-2,set1_s9_71.tif,224x224,TIFF,RGB
EpsonV39-2,set1_s9_65.tif,224x224,TIFF,RGB
EpsonV39-2,set2_s9_48.tif,224x224,TIFF,RGB
EpsonV39-2,set3_s9_3.tif,224x224,TIFF,RGB
EpsonV39-2,set2_s9_42.tif,224x224,TIFF,RGB
EpsonV39-2,set2_s9_34.tif,224x224,TIFF,RGB
EpsonV39-2,set1_s9_77.tif,224x224,TIFF,RGB
EpsonV39-2,set2_s9_75.tif,224x224,TIFF,RGB
EpsonV39-2,set1_s9_45.tif,224x224,TIFF,RGB
EpsonV39-2,set3_s9_14.tif,224x224,TIFF,RGB
EpsonV39-2,set2_s9_85.tif,224x224,TIFF,RGB
EpsonV39-2,set2_s9_32.tif,224x224,TIFF,RGB
EpsonV39-2,set1_s9_64.tif,224x224,TIFF,RGB
EpsonV39-2,set2_s9_107.tif,224x224,TIFF,RGB
EpsonV39-2,set1_s9_75.tif,224x224,TIFF,RGB
EpsonV39-2,set1_s9_49.tif,224x224,TIFF,RGB
EpsonV39-2,set1_s9_15.tif,224x224,TIFF,RGB
EpsonV39-2,set1_s9_29.tif,224x224,TIFF,RGB
EpsonV39-2,set2_s9_108.tif,224x224,TIFF,RGB
EpsonV39-2,set1_s9_92.tif,224x224,TIFF,RGB
EpsonV39-2,set2_s9_28.tif,224x224,TIFF,RGB
EpsonV39-2,set1_s9_91.tif,224x224,TIFF,RGB
EpsonV39-2,set1_s9_33.tif,224x224,TIFF,RGB
EpsonV39-2,set1_s9_70.tif,224x224,TIFF,RGB
EpsonV39-2,set1_s9_69.tif,224x224,TIFF,RGB
EpsonV39-2,set1_s9_100.tif,224x224,TIFF,RGB
EpsonV39-2,set2_s9_24.tif,224x224,TIFF,RGB
EpsonV39-2,set4_s9_9.tif,224x224,TIFF,RGB
EpsonV39-2,set2_s9_79.tif,224x224,TIFF,RGB
EpsonV39-2,set1_s9_88.tif,224x224,TIFF,RGB
EpsonV39-2,set1_s9_81.tif,224x224,TIFF,RGB
EpsonV39-2,set1_s9_52.tif,224x224,TIFF,RGB
EpsonV39-2,set1_s9_18.tif,224x224,TIFF,RGB
EpsonV39-2,set2_s9_103.tif,224x224,TIFF,RGB
EpsonV39-2,set1_s9_93.tif,224x224,TIFF,RGB
EpsonV39-2,set3_s9_7.tif,224x224,TIFF,RGB
EpsonV39-2,set1_s9_72.tif,224x224,TIFF,RGB
EpsonV39-2,set4_s9_3.tif,224x224,TIFF,RGB
EpsonV39-2,set3_s9_18.tif,224x224,TIFF,RGB
EpsonV39-2,set2_s9_102.tif,224x224,TIFF,RGB
EpsonV39-2,set3_s9_10.tif,224x224,TIFF,RGB
EpsonV39-2,set1_s9_44.tif,224x224,TIFF,RGB
EpsonV39-2,set2_s9_49.tif,224x224,TIFF,RGB
EpsonV39-2,set2_s9_47.tif,224x224,TIFF,RGB
EpsonV39-2,set2_s9_80.tif,224x224,TIFF,RGB
EpsonV39-2,set1_s9_98.tif,224x224,TIFF,RGB
EpsonV39-2,set1_s9_85.tif,224x224,TIFF,RGB
EpsonV39-2,set3_s9_22.tif,224x224,TIFF,RGB
EpsonV39-2,set3_s9_5.tif,224x224,TIFF,RGB
EpsonV39-2,set3_s9_26.tif,224x224,TIFF,RGB
EpsonV39-2,set2_s9_35.tif,224x224,TIFF,RGB
EpsonV39-2,set1_s9_54.tif,224x224,TIFF,RGB
EpsonV39-2,set1_s9_83.tif,224x224,TIFF,RGB
EpsonV39-2,set1_s9_80.tif,224x224,TIFF,RGB
EpsonV39-2,set2_s9_56.tif,224x224,TIFF,RGB
EpsonV39-2,set2_s9_64.tif,224x224,TIFF,RGB
EpsonV39-2,set2_s9_89.tif,224x224,TIFF,RGB
EpsonV39-2,set2_s9_93.tif,224x224,TIFF,RGB
EpsonV39-2,set2_s9_15.tif,224x224,TIFF,RGB
EpsonV39-2,set1_s9_90.tif,224x224,TIFF,RGB
EpsonV39-2,set2_s9_37.tif,224x224,TIFF,RGB
EpsonV39-2,set1_s9_42.tif,224x224,TIFF,RGB
EpsonV39-2,set2_s9_62.tif,224x224,TIFF,RGB
EpsonV39-2,set2_s9_58.tif,224x224,TIFF,RGB
EpsonV39-2,set2_s9_82.tif,224x224,TIFF,RGB
EpsonV39-2,set4_s9_2.tif,224x224,TIFF,RGB
EpsonV39-2,set2_s9_44.tif,224x224,TIFF,RGB
EpsonV39-2,set1_s9_53.tif,224x224,TIFF,RGB
EpsonV39-2,set1_s9_48.tif,224x224,TIFF,RGB
EpsonV39-2,set2_s9_67.tif,224x224,TIFF,RGB
EpsonV39-2,set1_s9_95.tif,224x224,TIFF,RGB
EpsonV39-2,set4_s9_13.tif,224x224,TIFF,RGB
EpsonV39-2,set2_s9_95.tif,224x224,TIFF,RGB
EpsonV39-2,set2_s9_30.tif,224x224,TIFF,RGB
EpsonV500,set1_s10_43.tif,224x224,TIFF,RGB
EpsonV500,set1_s10_91.tif,224x224,TIFF,RGB
EpsonV500,set1_s10_92.tif,224x224,TIFF,RGB
EpsonV500,set4_s10_20.tif,224x224,TIFF,RGB
EpsonV500,set3_s10_53.tif,224x224,TIFF,RGB
EpsonV500,set3_s10_21.tif,224x224,TIFF,RGB
EpsonV500,set4_s10_1.tif,224x224,TIFF,RGB
EpsonV500,set1_s10_35.tif,224x224,TIFF,RGB
EpsonV500,set3_s10_42.tif,224x224,TIFF,RGB
EpsonV500,set1_s10_74.tif,224x224,TIFF,RGB
EpsonV500,set1_s10_41.tif,224x224,TIFF,RGB
EpsonV500,set3_s10_63.tif,224x224,TIFF,RGB
EpsonV500,set1_s10_94.tif,224x224,TIFF,RGB
EpsonV500,set3_s10_97.tif,224x224,TIFF,RGB
EpsonV500,set3_s10_73.tif,224x224,TIFF,RGB
EpsonV500,set1_s10_103.tif,224x224,TIFF,RGB
EpsonV500,set1_s10_56.tif,224x224,TIFF,RGB
EpsonV500,set1_s10_108.tif,224x224,TIFF,RGB
EpsonV500,set3_s10_68.tif,224x224,TIFF,RGB
EpsonV500,set3_s10_7.tif,224x224,TIFF,RGB
EpsonV500,set3_s10_87.tif,224x224,TIFF,RGB
EpsonV500,set2_s10_17.tif,224x224,TIFF,RGB
EpsonV500,set3_s10_94.tif,224x224,TIFF,RGB
EpsonV500,set2_s10_8.tif,224x224,TIFF,RGB
EpsonV500,set3_s10_22.tif,224x224,TIFF,RGB
EpsonV500,set3_s10_26.tif,224x224,TIFF,RGB
EpsonV500,set1_s10_88.tif,224x224,TIFF,RGB
EpsonV500,set3_s10_28.tif,224x224,TIFF,RGB
EpsonV500,set1_s10_77.tif,224x224,TIFF,RGB
EpsonV500,set1_s10_95.tif,224x224,TIFF,RGB
EpsonV500,set1_s10_76.tif,224x224,TIFF,RGB
EpsonV500,set3_s10_35.tif,224x224,TIFF,RGB
EpsonV500,set3_s10_41.tif,224x224,TIFF,RGB
EpsonV500,set1_s10_86.tif,224x224,TIFF,RGB
EpsonV500,set3_s10_25.tif,224x224,TIFF,RGB
EpsonV500,set1_s10_28.tif,224x224,TIFF,RGB
EpsonV500,set1_s10_65.tif,224x224,TIFF,RGB
EpsonV500,set3_s10_96.tif,224x224,TIFF,RGB
EpsonV500,set1_s10_50.tif,224x224,TIFF,RGB
EpsonV500,set3_s10_43.tif,224x224,TIFF,RGB
EpsonV500,set3_s10_57.tif,224x224,TIFF,RGB
EpsonV500,set1_s10_102.tif,224x224,TIFF,RGB
EpsonV500,set2_s10_12.tif,224x224,TIFF,RGB
EpsonV500,set3_s10_98.tif,224x224,TIFF,RGB
EpsonV500,set2_s10_7.tif,224x224,TIFF,RGB
EpsonV500,set3_s10_70.tif,224x224,TIFF,RGB
EpsonV500,set3_s10_72.tif,224x224,TIFF,RGB
EpsonV500,set1_s10_67.tif,224x224,TIFF,RGB
EpsonV500,set3_s10_18.tif,224x224,TIFF,RGB
EpsonV500,set3_s10_38.tif,224x224,TIFF,RGB
EpsonV500,set4_s10_13.tif,224x224,TIFF,RGB
EpsonV500,set3_s10_66.tif,224x224,TIFF,RGB
EpsonV500,set1_s10_37.tif,224x224,TIFF,RGB
EpsonV500,set1_s10_45.tif,224x224,TIFF,RGB
EpsonV500,set1_s10_96.tif,224x224,TIFF,RGB
EpsonV500,set1_s10_97.tif,224x224,TIFF,RGB
EpsonV500,set3_s10_31.tif,224x224,TIFF,RGB
EpsonV500,set1_s10_66.tif,224x224,TIFF,RGB
EpsonV500,set3_s10_46.tif,224x224,TIFF,RGB
EpsonV500,set3_s10_67.tif,224x224,TIFF,RGB
EpsonV500,set3_s10_100.tif,224x224,TIFF,RGB
EpsonV500,set1_s10_63.tif,224x224,TIFF,RGB
EpsonV500,set3_s10_44.tif,224x224,TIFF,RGB
EpsonV500,set1_s10_107.tif,224x224,TIFF,RGB
EpsonV500,set1_s10_47.tif,224x224,TIFF,RGB
EpsonV500,set3_s10_58.tif,224x224,TIFF,RGB
EpsonV500,set3_s10_88.tif,224x224,TIFF,RGB
EpsonV500,set1_s10_33.tif,224x224,TIFF,RGB
EpsonV500,set2_s10_16.tif,224x224,TIFF,RGB
EpsonV500,set1_s10_42.tif,224x224,TIFF,RGB
EpsonV500,set2_s10_3.tif,224x224,TIFF,RGB
EpsonV500,set1_s10_46.tif,224x224,TIFF,RGB
EpsonV500,set3_s10_27.tif,224x224,TIFF,RGB
EpsonV500,set1_s10_39.tif,224x224,TIFF,RGB
EpsonV500,set3_s10_15.tif,224x224,TIFF,RGB
EpsonV500,set3_s10_60.tif,224x224,TIFF,RGB
EpsonV500,set1_s10_55.tif,224x224,TIFF,RGB
EpsonV500,set3_s10_65.tif,224x224,TIFF,RGB
EpsonV500,set1_s10_106.tif,224x224,TIFF,RGB
EpsonV500,set1_s10_44.tif,224x224,TIFF,RGB
EpsonV500,set1_s10_62.tif,224x224,TIFF,RGB
EpsonV500,set3_s10_84.tif,224x224,TIFF,RGB
EpsonV500,set2_s10_11.tif,224x224,TIFF,RGB
EpsonV500,set1_s10_54.tif,224x224,TIFF,RGB
EpsonV500,set2_s10_19.tif,224x224,TIFF,RGB
EpsonV500,set1_s10_69.tif,224x224,TIFF,RGB
EpsonV500,set2_s10_13.tif,224x224,TIFF,RGB
EpsonV500,set4_s10_3.tif,224x224,TIFF,RGB
EpsonV500,set3_s10_19.tif,224x224,TIFF,RGB
EpsonV500,set4_s10_8.tif,224x224,TIFF,RGB
EpsonV500,set1_s10_75.tif,224x224,TIFF,RGB
EpsonV500,set1_s10_49.tif,224x224,TIFF,RGB
EpsonV500,set3_s10_59.tif,224x224,TIFF,RGB
EpsonV500,set1_s10_27.tif,224x224,TIFF,RGB
EpsonV500,set3_s10_92.tif,224x224,TIFF,RGB
EpsonV500,set1_s10_78.tif,224x224,TIFF,RGB
EpsonV500,set2_s10_23.tif,224x224,TIFF,RGB
EpsonV500,set4_s10_11.tif,224x224,TIFF,RGB
EpsonV500,set3_s10_93.tif,224x224,TIFF,RGB
EpsonV500,set3_s10_75.tif,224x224,TIFF,RGB
EpsonV500,set2_s10_20.tif,224x224,TIFF,RGB
EpsonV500,set1_s10_99.tif,224x224,TIFF,RGB
EpsonV500,set3_s10_23.tif,224x224,TIFF,RGB
EpsonV500,set3_s10_69.tif,224x224,TIFF,RGB
EpsonV500,set1_s10_89.tif,224x224,TIFF,RGB
EpsonV500,set3_s10_86.tif,224x224,TIFF,RGB
EpsonV500,set1_s10_72.tif,224x224,TIFF,RGB
EpsonV500,set3_s10_30.tif,224x224,TIFF,RGB
EpsonV500,set3_s10_90.tif,224x224,TIFF,RGB
EpsonV500,set1_s10_73.tif,224x224,TIFF,RGB
EpsonV500,set3_s10_82.tif,224x224,TIFF,RGB
EpsonV500,set3_s10_54.tif,224x224,TIFF,RGB
EpsonV500,set4_s10_2.tif,224x224,TIFF,RGB
EpsonV500,set1_s10_10.tif,224x224,TIFF,RGB
EpsonV500,set3_s10_81.tif,224x224,TIFF,RGB
EpsonV500,set3_s10_74.tif,224x224,TIFF,RGB
EpsonV500,set3_s10_91.tif,224x224,TIFF,RGB
EpsonV500,set3_s10_45.tif,224x224,TIFF,RGB
EpsonV500,set3_s10_71.tif,224x224,TIFF,RGB
EpsonV500,set1_s10_57.tif,224x224,TIFF,RGB
EpsonV500,set2_s10_5.tif,224x224,TIFF,RGB
EpsonV500,set4_s10_12.tif,224x224,TIFF,RGB
EpsonV500,set3_s10_36.tif,224x224,TIFF,RGB
EpsonV500,set2_s10_25.tif,224x224,TIFF,RGB
EpsonV500,set3_s10_17.tif,224x224,TIFF,RGB
EpsonV500,set4_s10_9.tif,224x224,TIFF,RGB
EpsonV500,set1_s10_30.tif,224x224,TIFF,RGB
EpsonV500,set1_s10_58.tif,224x224,TIFF,RGB
EpsonV500,set1_s10_60.tif,224x224,TIFF,RGB
EpsonV500,set1_s10_82.tif,224x224,TIFF,RGB
EpsonV500,set4_s10_4.tif,224x224,TIFF,RGB
EpsonV500,set1_s10_68.tif,224x224,TIFF,RGB
EpsonV500,set3_s10_29.tif,224x224,TIFF,RGB
EpsonV500,set1_s10_93.tif,224x224,TIFF,RGB
EpsonV500,set2_s10_40.tif,224x224,TIFF,RGB
EpsonV500,set3_s10_76.tif,224x224,TIFF,RGB
EpsonV500,set2_s10_6.tif,224x224,TIFF,RGB
EpsonV500,set3_s10_39.tif,224x224,TIFF,RGB
EpsonV500,set1_s10_59.tif,224x224,TIFF,RGB
EpsonV500,set1_s10_83.tif,224x224,TIFF,RGB
EpsonV500,set3_s10_99.tif,224x224,TIFF,RGB
EpsonV500,set4_s10_5.tif,224x224,TIFF,RGB
EpsonV500,set1_s10_48.tif,224x224,TIFF,RGB
EpsonV500,set3_s10_34.tif,224x224,TIFF,RGB
EpsonV500,set1_s10_100.tif,224x224,TIFF,RGB
EpsonV500,set4_s10_6.tif,224x224,TIFF,RGB
EpsonV500,set1_s10_98.tif,224x224,TIFF,RGB
EpsonV500,set2_s10_2.tif,224x224,TIFF,RGB
EpsonV500,set2_s10_4.tif,224x224,TIFF,RGB
EpsonV500,set3_s10_33.tif,224x224,TIFF,RGB
EpsonV500,set1_s10_80.tif,224x224,TIFF,RGB
EpsonV500,set2_s10_1.tif,224x224,TIFF,RGB
EpsonV500,set1_s10_90.tif,224x224,TIFF,RGB
EpsonV500,set3_s10_56.tif,224x224,TIFF,RGB
EpsonV500,set4_s10_10.tif,224x224,TIFF,RGB
EpsonV500,set3_s10_77.tif,224x224,TIFF,RGB
EpsonV500,set1_s10_79.tif,224x224,TIFF,RGB
EpsonV500,set3_s10_50.tif,224x224,TIFF,RGB
EpsonV500,set1_s10_34.tif,224x224,TIFF,RGB
EpsonV500,set3_s10_49.tif,224x224,TIFF,RGB
EpsonV500,set3_s10_85.tif,224x224,TIFF,RGB
EpsonV500,set3_s10_78.tif,224x224,TIFF,RGB
EpsonV500,set1_s10_84.tif,224x224,TIFF,RGB
EpsonV500,set1_s10_32.tif,224x224,TIFF,RGB
EpsonV500,set3_s10_80.tif,224x224,TIFF,RGB
EpsonV500,set3_s10_83.tif,224x224,TIFF,RGB
EpsonV500,set3_s10_95.tif,224x224,TIFF,RGB
EpsonV500,set1_s10_70.tif,224x224,TIFF,RGB
EpsonV500,set1_s10_21.tif,224x224,TIFF,RGB
EpsonV500,set1_s10_36.tif,224x224,TIFF,RGB
EpsonV500,set2_s10_14.tif,224x224,TIFF,RGB
EpsonV500,set1_s10_71.tif,224x224,TIFF,RGB
EpsonV500,set3_s10_52.tif,224x224,TIFF,RGB
EpsonV500,set1_s10_64.tif,224x224,TIFF,RGB
EpsonV500,set1_s10_53.tif,224x224,TIFF,RGB
EpsonV500,set1_s10_81.tif,224x224,TIFF,RGB
EpsonV500,set3_s10_48.tif,224x224,TIFF,RGB
EpsonV500,set4_s10_14.tif,224x224,TIFF,RGB
EpsonV500,set3_s10_64.tif,224x224,TIFF,RGB
EpsonV500,set3_s10_24.tif,224x224,TIFF,RGB
EpsonV500,set1_s10_61.tif,224x224,TIFF,RGB
EpsonV500,set1_s10_38.tif,224x224,TIFF,RGB
EpsonV500,set1_s10_52.tif,224x224,TIFF,RGB
EpsonV500,set4_s10_16.tif,224x224,TIFF,RGB
EpsonV500,set3_s10_37.tif,224x224,TIFF,RGB
EpsonV500,set3_s10_55.tif,224x224,TIFF,RGB
EpsonV500,set1_s10_31.tif,224x224,TIFF,RGB
EpsonV500,set1_s10_104.tif,224x224,TIFF,RGB
EpsonV500,set3_s10_79.tif,224x224,TIFF,RGB
EpsonV500,set3_s10_32.tif,224x224,TIFF,RGB
EpsonV500,set1_s10_101.tif,224x224,TIFF,RGB
EpsonV500,set1_s10_105.tif,224x224,TIFF,RGB
EpsonV500,set3_s10_40.tif,224x224,TIFF,RGB
EpsonV500,set3_s10_89.tif,224x224,TIFF,RGB
EpsonV500,set1_s10_22.tif,224x224,TIFF,RGB
EpsonV500,set2_s10_26.tif,224x224,TIFF,RGB
EpsonV500,set1_s10_87.tif,224x224,TIFF,RGB
EpsonV500,set1_s10_51.tif,224x224,TIFF,RGB
EpsonV500,set2_s10_9.tif,224x224,TIFF,RGB
EpsonV500,set1_s10_29.tif,224x224,TIFF,RGB
EpsonV500,set2_s10_18.tif,224x224,TIFF,RGB
EpsonV500,set1_s10_85.tif,224x224,TIFF,RGB
EpsonV500,set1_s10_15.tif,224x224,TIFF,RGB
EpsonV500,set3_s10_62.tif,224x224,TIFF,RGB
EpsonV500,set2_s10_24.tif,224x224,TIFF,RGB
EpsonV500,set3_s10_61.tif,224x224,TIFF,RGB
EpsonV500,set3_s10_51.tif,224x224,TIFF,RGB
EpsonV500,set3_s10_47.tif,224x224,TIFF,RGB
Canon200,set9_s3_62.tif,224x224,TIFF,RGB
Canon200,set9_s3_82.tif,224x224,TIFF,RGB
Canon200,set5_s3_25.tif,224x224,TIFF,RGB
Canon200,set5_s3_57.tif,224x224,TIFF,RGB
Canon200,set3_s3_102.tif,224x224,TIFF,RGB
Canon200,set3_s3_90.tif,224x224,TIFF,RGB
Canon200,set10_s3_11.tif,224x224,TIFF,RGB
Canon200,set1_s3_82.tif,224x224,TIFF,RGB
Canon200,set3_s3_61.tif,224x224,TIFF,RGB
Canon200,set5_s3_70.tif,224x224,TIFF,RGB
Canon200,set3_s3_65.tif,224x224,TIFF,RGB
Canon200,set3_s3_21.tif,224x224,TIFF,RGB
Canon200,set1_s3_37.tif,224x224,TIFF,RGB
Canon200,set2_s3_13.tif,224x224,TIFF,RGB
Canon200,set5_s3_55.tif,224x224,TIFF,RGB
Canon200,set9_s3_96.tif,224x224,TIFF,RGB
Canon200,set4_s3_17.tif,224x224,TIFF,RGB
Canon200,set3_s3_98.tif,224x224,TIFF,RGB
Canon200,set9_s3_63.tif,224x224,TIFF,RGB
Canon200,set7_s3_70.tif,224x224,TIFF,RGB
Canon200,set9_s3_89.tif,224x224,TIFF,RGB
Canon200,set10_s3_9.tif,224x224,TIFF,RGB
Canon200,set4_s3_9.tif,224x224,TIFF,RGB
Canon200,set1_s3_90.tif,224x224,TIFF,RGB
Canon200,set5_s3_58.tif,224x224,TIFF,RGB
Canon200,set7_s3_64.tif,224x224,TIFF,RGB
Canon200,set3_s3_66.tif,224x224,TIFF,RGB
Canon200,set5_s3_95.tif,224x224,TIFF,RGB
Canon200,set5_s3_32.tif,224x224,TIFF,RGB
Canon200,set7_s3_71.tif,224x224,TIFF,RGB
Canon200,set3_s3_81.tif,224x224,TIFF,RGB
Canon200,set7_s3_56.tif,224x224,TIFF,RGB
Canon200,set7_s3_94.tif,224x224,TIFF,RGB
Canon200,set7_s3_19.tif,224x224,TIFF,RGB
Canon200,set7_s3_108.tif,224x224,TIFF,RGB
Canon200,set3_s3_63.tif,224x224,TIFF,RGB
Canon200,set1_s3_8.tif,224x224,TIFF,RGB
Canon200,set9_s3_76.tif,224x224,TIFF,RGB
Canon200,set9_s3_44.tif,224x224,TIFF,RGB
Canon200,set3_s3_69.tif,224x224,TIFF,RGB
Canon200,set5_s3_34.tif,224x224,TIFF,RGB
Canon200,set9_s3_80.tif,224x224,TIFF,RGB
Canon200,set4_s3_5.tif,224x224,TIFF,RGB
Canon200,set7_s3_27.tif,224x224,TIFF,RGB
Canon200,set5_s3_65.tif,224x224,TIFF,RGB
Canon200,set1_s3_30.tif,224x224,TIFF,RGB
Canon200,set1_s3_92.tif,224x224,TIFF,RGB
Canon200,set5_s3_49.tif,224x224,TIFF,RGB
Canon200,set7_s3_22.tif,224x224,TIFF,RGB
Canon200,set5_s3_22.tif,224x224,TIFF,RGB
Canon200,set7_s3_65.tif,224x224,TIFF,RGB
Canon200,set3_s3_92.tif,224x224,TIFF,RGB
Canon200,set1_s3_72.tif,224x224,TIFF,RGB
Canon200,set9_s3_18.tif,224x224,TIFF,RGB
Canon200,set5_s3_42.tif,224x224,TIFF,RGB
Canon200,set3_s3_38.tif,224x224,TIFF,RGB
Canon200,set3_s3_40.tif,224x224,TIFF,RGB
Canon200,set9_s3_43.tif,224x224,TIFF,RGB
Canon200,set1_s3_77.tif,224x224,TIFF,RGB
Canon200,set4_s3_3.tif,224x224,TIFF,RGB
Canon200,set8_s3_13.tif,224x224,TIFF,RGB
Canon200,set9_s3_94.tif,224x224,TIFF,RGB
Canon200,set4_s3_13.tif,224x224,TIFF,RGB
Canon200,set5_s3_26.tif,224x224,TIFF,RGB
Canon200,set2_s3_4.tif,224x224,TIFF,RGB
Canon200,set5_s3_86.tif,224x224,TIFF,RGB
Canon200,set6_s3_1.tif,224x224,TIFF,RGB
Canon200,set1_s3_67.tif,224x224,TIFF,RGB
Canon200,set3_s3_104.tif,224x224,TIFF,RGB
Canon200,set9_s3_54.tif,224x224,TIFF,RGB
Canon200,set1_s3_9.tif,224x224,TIFF,RGB
Canon200,set1_s3_52.tif,224x224,TIFF,RGB
Canon200,set3_s3_37.tif,224x224,TIFF,RGB
Canon200,set2_s3_18.tif,224x224,TIFF,RGB
Canon200,set10_s3_8.tif,224x224,TIFF,RGB
Canon200,set8_s3_7.tif,224x224,TIFF,RGB
Canon200,set8_s3_41.tif,224x224,TIFF,RGB
Canon200,set4_s3_26.tif,224x224,TIFF,RGB
Canon200,set5_s3_30.tif,224x224,TIFF,RGB
Canon200,set1_s3_15.tif,224x224,TIFF,RGB
Canon200,set3_s3_89.tif,224x224,TIFF,RGB
Canon200,set2_s3_11.tif,224x224,TIFF,RGB
Canon200,set3_s3_25.tif,224x224,TIFF,RGB
Canon200,set4_s3_57.tif,224x224,TIFF,RGB
Canon200,set5_s3_38.tif,224x224,TIFF,RGB
Canon200,set9_s3_29.tif,224x224,TIFF,RGB
Canon200,set9_s3_91.tif,224x224,TIFF,RGB
Canon200,set4_s3_15.tif,224x224,TIFF,RGB
Canon200,set7_s3_26.tif,224x224,TIFF,RGB
Canon200,set5_s3_87.tif,224x224,TIFF,RGB
Canon200,set9_s3_92.tif,224x224,TIFF,RGB
Canon200,set7_s3_6.tif,224x224,TIFF,RGB
Canon200,set5_s3_73.tif,224x224,TIFF,RGB
Canon200,set7_s3_42.tif,224x224,TIFF,RGB
Canon200,set9_s3_45.tif,224x224,TIFF,RGB
Canon200,set1_s3_32.tif,224x224,TIFF,RGB
Canon200,set7_s3_60.tif,224x224,TIFF,RGB
Canon200,set7_s3_85.tif,224x224,TIFF,RGB
Canon200,set5_s3_75.tif,224x224,TIFF,RGB
Canon200,set7_s3_77.tif,224x224,TIFF,RGB
Canon200,set9_s3_38.tif,224x224,TIFF,RGB
Canon200,set3_s3_80.tif,224x224,TIFF,RGB
Canon200,set9_s3_88.tif,224x224,TIFF,RGB
Canon200,set1_s3_27.tif,224x224,TIFF,RGB
Canon200,set10_s3_25.tif,224x224,TIFF,RGB
Canon200,set4_s3_20.tif,224x224,TIFF,RGB
Canon200,set9_s3_49.tif,224x224,TIFF,RGB
Canon200,set5_s3_44.tif,224x224,TIFF,RGB
Canon200,set3_s3_101.tif,224x224,TIFF,RGB
Canon200,set5_s3_97.tif,224x224,TIFF,RGB
Canon200,set5_s3_61.tif,224x224,TIFF,RGB
Canon200,set4_s3_14.tif,224x224,TIFF,RGB
Canon200,set5_s3_80.tif,224x224,TIFF,RGB
Canon200,set10_s3_16.tif,224x224,TIFF,RGB
Canon200,set9_s3_53.tif,224x224,TIFF,RGB
Canon200,set3_s3_33.tif,224x224,TIFF,RGB
Canon200,set5_s3_14.tif,224x224,TIFF,RGB
Canon200,set5_s3_71.tif,224x224,TIFF,RGB
Canon200,set9_s3_78.tif,224x224,TIFF,RGB
Canon200,set1_s3_62.tif,224x224,TIFF,RGB
Canon200,set1_s3_100.tif,224x224,TIFF,RGB
Canon200,set3_s3_73.tif,224x224,TIFF,RGB
Canon200,set10_s3_1.tif,224x224,TIFF,RGB
Canon200,set5_s3_72.tif,224x224,TIFF,RGB
Canon200,set5_s3_90.tif,224x224,TIFF,RGB
Canon200,set7_s3_35.tif,224x224,TIFF,RGB
Canon200,set5_s3_18.tif,224x224,TIFF,RGB
Canon200,set3_s3_70.tif,224x224,TIFF,RGB
Canon200,set3_s3_59.tif,224x224,TIFF,RGB
Canon200,set5_s3_62.tif,224x224,TIFF,RGB
Canon200,set9_s3_70.tif,224x224,TIFF,RGB
Canon200,set8_s3_8.tif,224x224,TIFF,RGB
Canon200,set7_s3_37.tif,224x224,TIFF,RGB
Canon200,set6_s3_6.tif,224x224,TIFF,RGB
Canon200,set8_s3_11.tif,224x224,TIFF,RGB
Canon200,set3_s3_56.tif,224x224,TIFF,RGB
Canon200,set1_s3_54.tif,224x224,TIFF,RGB
Canon200,set9_s3_35.tif,224x224,TIFF,RGB
Canon200,set5_s3_39.tif,224x224,TIFF,RGB
Canon200,set3_s3_105.tif,224x224,TIFF,RGB
Canon200,set9_s3_14.tif,224x224,TIFF,RGB
Canon200,set1_s3_28.tif,224x224,TIFF,RGB
Canon200,set5_s3_43.tif,224x224,TIFF,RGB
Canon200,set1_s3_55.tif,224x224,TIFF,RGB
Canon200,set9_s3_58.tif,224x224,TIFF,RGB
Canon200,set5_s3_52.tif,224x224,TIFF,RGB
Canon200,set8_s3_10.tif,224x224,TIFF,RGB
Canon200,set1_s3_31.tif,224x224,TIFF,RGB
Canon200,set1_s3_80.tif,224x224,TIFF,RGB
Canon200,set3_s3_46.tif,224x224,TIFF,RGB
Canon200,set5_s3_33.tif,224x224,TIFF,RGB
Canon200,set9_s3_100.tif,224x224,TIFF,RGB
Canon200,set8_s3_45.tif,224x224,TIFF,RGB
Canon200,set4_s3_23.tif,224x224,TIFF,RGB
Canon200,set7_s3_21.tif,224x224,TIFF,RGB
Canon200,set7_s3_31.tif,224x224,TIFF,RGB
Canon200,set1_s3_61.tif,224x224,TIFF,RGB
Canon200,set5_s3_60.tif,224x224,TIFF,RGB
Canon200,set1_s3_50.tif,224x224,TIFF,RGB
Canon200,set9_s3_52.tif,224x224,TIFF,RGB
Canon200,set3_s3_77.tif,224x224,TIFF,RGB
Canon200,set9_s3_23.tif,224x224,TIFF,RGB
Canon200,set1_s3_29.tif,224x224,TIFF,RGB
Canon200,set1_s3_48.tif,224x224,TIFF,RGB
Canon200,set5_s3_67.tif,224x224,TIFF,RGB
Canon200,set9_s3_86.tif,224x224,TIFF,RGB
Canon200,set8_s3_55.tif,224x224,TIFF,RGB
Canon200,set5_s3_17.tif,224x224,TIFF,RGB
Canon200,set9_s3_31.tif,224x224,TIFF,RGB
Canon200,set3_s3_85.tif,224x224,TIFF,RGB
Canon200,set3_s3_39.tif,224x224,TIFF,RGB
Canon200,set5_s3_45.tif,224x224,TIFF,RGB
Canon200,set3_s3_41.tif,224x224,TIFF,RGB
Canon200,set3_s3_24.tif,224x224,TIFF,RGB
Canon200,set5_s3_77.tif,224x224,TIFF,RGB
Canon200,set1_s3_78.tif,224x224,TIFF,RGB
Canon200,set8_s3_5.tif,224x224,TIFF,RGB
Canon200,set1_s3_45.tif,224x224,TIFF,RGB
Canon200,set6_s3_2.tif,224x224,TIFF,RGB
Canon200,set3_s3_82.tif,224x224,TIFF,RGB
Canon200,set7_s3_4.tif,224x224,TIFF,RGB
Canon200,set8_s3_2.tif,224x224,TIFF,RGB
Canon200,set1_s3_38.tif,224x224,TIFF,RGB
Canon200,set6_s3_4.tif,224x224,TIFF,RGB
Canon200,set8_s3_40.tif,224x224,TIFF,RGB
Canon200,set1_s3_3.tif,224x224,TIFF,RGB
Canon200,set4_s3_31.tif,224x224,TIFF,RGB
Canon200,set3_s3_83.tif,224x224,TIFF,RGB
Canon200,set8_s3_17.tif,224x224,TIFF,RGB
Canon200,set7_s3_36.tif,224x224,TIFF,RGB
Canon200,set3_s3_71.tif,224x224,TIFF,RGB
Canon200,set9_s3_77.tif,224x224,TIFF,RGB
Canon200,set5_s3_37.tif,224x224,TIFF,RGB
Canon200,set5_s3_56.tif,224x224,TIFF,RGB
Canon200,set7_s3_38.tif,224x224,TIFF,RGB
Canon200,set9_s3_27.tif,224x224,TIFF,RGB
Canon200,set9_s3_64.tif,224x224,TIFF,RGB
Canon200,set5_s3_85.tif,224x224,TIFF,RGB
Canon200,set5_s3_50.tif,224x224,TIFF,RGB
Canon200,set1_s3_36.tif,224x224,TIFF,RGB
Canon200,set1_s3_96.tif,224x224,TIFF,RGB
Canon200,set8_s3_9.tif,224x224,TIFF,RGB
Canon200,set5_s3_47.tif,224x224,TIFF,RGB
Canon200,set3_s3_6.tif,224x224,TIFF,RGB
Canon200,set1_s3_47.tif,224x224,TIFF,RGB
Canon200,set7_s3_67.tif,224x224,TIFF,RGB
Canon200,set3_s3_30.tif,224x224,TIFF,RGB
Canon200,set1_s3_19.tif,224x224,TIFF,RGB
Canon200,set9_s3_40.tif,224x224,TIFF,RGB
Canon200,set3_s3_74.tif,224x224,TIFF,RGB
Canon200,set5_s3_24.tif,224x224,TIFF,RGB
Canon200,set5_s3_92.tif,224x224,TIFF,RGB
Canon200,set10_s3_6.tif,224x224,TIFF,RGB
Canon200,set7_s3_33.tif,224x224,TIFF,RGB
Canon200,set9_s3_69.tif,224x224,TIFF,RGB
Canon200,set5_s3_15.tif,224x224,TIFF,RGB
Canon200,set8_s3_57.tif,224x224,TIFF,RGB
Canon200,set5_s3_96.tif,224x224,TIFF,RGB
Canon200,set6_s3_10.tif,224x224,TIFF,RGB
Canon200,set9_s3_71.tif,224x224,TIFF,RGB
Canon200,set9_s3_12.tif,224x224,TIFF,RGB
Canon200,set8_s3_12.tif,224x224,TIFF,RGB
Canon200,set3_s3_51.tif,224x224,TIFF,RGB
Canon200,set9_s3_72.tif,224x224,TIFF,RGB
Canon200,set3_s3_93.tif,224x224,TIFF,RGB
Canon200,set7_s3_80.tif,224x224,TIFF,RGB
Canon200,set4_s3_43.tif,224x224,TIFF,RGB
Canon200,set7_s3_88.tif,224x224,TIFF,RGB
Canon200,set3_s3_72.tif,224x224,TIFF,RGB
Canon200,set1_s3_49.tif,224x224,TIFF,RGB
Canon200,set5_s3_91.tif,224x224,TIFF,RGB
Canon200,set3_s3_62.tif,224x224,TIFF,RGB
Canon200,set1_s3_66.tif,224x224,TIFF,RGB
Canon200,set7_s3_74.tif,224x224,TIFF,RGB
Canon200,set9_s3_90.tif,224x224,TIFF,RGB
Canon200,set3_s3_27.tif,224x224,TIFF,RGB
Canon200,set3_s3_55.tif,224x224,TIFF,RGB
Canon200,set3_s3_32.tif,224x224,TIFF,RGB
Canon200,set9_s3_47.tif,224x224,TIFF,RGB
Canon200,set7_s3_20.tif,224x224,TIFF,RGB
Canon200,set1_s3_12.tif,224x224,TIFF,RGB
Canon200,set3_s3_42.tif,224x224,TIFF,RGB
Canon200,set3_s3_36.tif,224x224,TIFF,RGB
Canon200,set7_s3_46.tif,224x224,TIFF,RGB
Canon200,set1_s3_39.tif,224x224,TIFF,RGB
Canon200,set3_s3_75.tif,224x224,TIFF,RGB
Canon200,set4_s3_53.tif,224x224,TIFF,RGB
Canon200,set8_s3_1.tif,224x224,TIFF,RGB
Canon200,set1_s3_35.tif,224x224,TIFF,RGB
Canon200,set1_s3_51.tif,224x224,TIFF,RGB
Canon200,set7_s3_107.tif,224x224,TIFF,RGB
Canon200,set5_s3_23.tif,224x224,TIFF,RGB
Canon200,set9_s3_65.tif,224x224,TIFF,RGB
Canon200,set3_s3_54.tif,224x224,TIFF,RGB
Canon200,set9_s3_59.tif,224x224,TIFF,RGB
Canon200,set1_s3_68.tif,224x224,TIFF,RGB
Canon200,set5_s3_89.tif,224x224,TIFF,RGB
Canon200,set3_s3_35.tif,224x224,TIFF,RGB
Canon200,set7_s3_28.tif,224x224,TIFF,RGB
Canon200,set5_s3_41.tif,224x224,TIFF,RGB
Canon200,set9_s3_19.tif,224x224,TIFF,RGB
Canon200,set9_s3_37.tif,224x224,TIFF,RGB
Canon200,set1_s3_25.tif,224x224,TIFF,RGB
Canon200,set5_s3_35.tif,224x224,TIFF,RGB
Canon200,set4_s3_4.tif,224x224,TIFF,RGB
Canon200,set7_s3_84.tif,224x224,TIFF,RGB
Canon200,set2_s3_2.tif,224x224,TIFF,RGB
Canon200,set3_s3_16.tif,224x224,TIFF,RGB
Canon200,set3_s3_34.tif,224x224,TIFF,RGB
Canon200,set1_s3_44.tif,224x224,TIFF,RGB
Canon200,set7_s3_92.tif,224x224,TIFF,RGB
Canon200,set5_s3_66.tif,224x224,TIFF,RGB
Canon200,set3_s3_97.tif,224x224,TIFF,RGB
Canon200,set2_s3_6.tif,224x224,TIFF,RGB
Canon200,set3_s3_76.tif,224x224,TIFF,RGB
Canon200,set9_s3_36.tif,224x224,TIFF,RGB
Canon200,set1_s3_86.tif,224x224,TIFF,RGB
Canon200,set7_s3_91.tif,224x224,TIFF,RGB
Canon200,set3_s3_79.tif,224x224,TIFF,RGB
Canon200,set7_s3_24.tif,224x224,TIFF,RGB
Canon200,set1_s3_22.tif,224x224,TIFF,RGB
Canon200,set7_s3_72.tif,224x224,TIFF,RGB
Canon200,set1_s3_87.tif,224x224,TIFF,RGB
Canon200,set3_s3_88.tif,224x224,TIFF,RGB
Canon200,set1_s3_74.tif,224x224,TIFF,RGB
Canon200,set3_s3_108.tif,224x224,TIFF,RGB
Canon200,set5_s3_98.tif,224x224,TIFF,RGB
Canon200,set1_s3_41.tif,224x224,TIFF,RGB
Canon200,set1_s3_46.tif,224x224,TIFF,RGB
Canon200,set9_s3_32.tif,224x224,TIFF,RGB
Canon200,set5_s3_59.tif,224x224,TIFF,RGB
Canon200,set9_s3_68.tif,224x224,TIFF,RGB
Canon200,set7_s3_75.tif,224x224,TIFF,RGB
Canon200,set9_s3_67.tif,224x224,TIFF,RGB
Canon200,set1_s3_33.tif,224x224,TIFF,RGB
Canon200,set10_s3_42.tif,224x224,TIFF,RGB
Canon200,set9_s3_7.tif,224x224,TIFF,RGB
Canon200,set8_s3_3.tif,224x224,TIFF,RGB
Canon200,set5_s3_69.tif,224x224,TIFF,RGB
Canon200,set3_s3_107.tif,224x224,TIFF,RGB
Canon200,set1_s3_75.tif,224x224,TIFF,RGB
Canon200,set5_s3_94.tif,224x224,TIFF,RGB
Canon200,set8_s3_99.tif,224x224,TIFF,RGB
Canon200,set2_s3_7.tif,224x224,TIFF,RGB
Canon200,set1_s3_93.tif,224x224,TIFF,RGB
Canon200,set9_s3_3.tif,224x224,TIFF,RGB
Canon200,set3_s3_49.tif,224x224,TIFF,RGB
Canon200,set1_s3_85.tif,224x224,TIFF,RGB
Canon200,set4_s3_12.tif,224x224,TIFF,RGB
Canon200,set10_s3_13.tif,224x224,TIFF,RGB
Canon200,set7_s3_29.tif,224x224,TIFF,RGB
Canon200,set1_s3_83.tif,224x224,TIFF,RGB
Canon200,set5_s3_36.tif,224x224,TIFF,RGB
Canon200,set9_s3_17.tif,224x224,TIFF,RGB
Canon200,set7_s3_105.tif,224x224,TIFF,RGB
Canon200,set5_s3_51.tif,224x224,TIFF,RGB
Canon200,set5_s3_46.tif,224x224,TIFF,RGB
Canon200,set7_s3_93.tif,224x224,TIFF,RGB
Canon200,set1_s3_65.tif,224x224,TIFF,RGB
Canon200,set7_s3_100.tif,224x224,TIFF,RGB
Canon200,set9_s3_56.tif,224x224,TIFF,RGB
Canon200,set9_s3_73.tif,224x224,TIFF,RGB
Canon200,set9_s3_84.tif,224x224,TIFF,RGB
Canon200,set8_s3_53.tif,224x224,TIFF,RGB
Canon200,set9_s3_83.tif,224x224,TIFF,RGB
Canon200,set8_s3_14.tif,224x224,TIFF,RGB
Canon200,set9_s3_61.tif,224x224,TIFF,RGB
Canon200,set7_s3_95.tif,224x224,TIFF,RGB
Canon200,set1_s3_57.tif,224x224,TIFF,RGB
Canon200,set1_s3_53.tif,224x224,TIFF,RGB
Canon200,set3_s3_67.tif,224x224,TIFF,RGB
Canon200,set1_s3_40.tif,224x224,TIFF,RGB
Canon200,set3_s3_22.tif,224x224,TIFF,RGB
Canon200,set6_s3_16.tif,224x224,TIFF,RGB
Canon200,set7_s3_106.tif,224x224,TIFF,RGB
Canon200,set7_s3_30.tif,224x224,TIFF,RGB
Canon200,set10_s3_5.tif,224x224,TIFF,RGB
Canon200,set7_s3_89.tif,224x224,TIFF,RGB
Canon200,set1_s3_99.tif,224x224,TIFF,RGB
Canon200,set4_s3_11.tif,224x224,TIFF,RGB
Canon200,set7_s3_87.tif,224x224,TIFF,RGB
Canon200,set3_s3_45.tif,224x224,TIFF,RGB
Canon200,set3_s3_86.tif,224x224,TIFF,RGB
Canon200,set9_s3_74.tif,224x224,TIFF,RGB
Canon200,set1_s3_58.tif,224x224,TIFF,RGB
Canon200,set7_s3_32.tif,224x224,TIFF,RGB
Canon200,set5_s3_31.tif,224x224,TIFF,RGB
Canon200,set7_s3_66.tif,224x224,TIFF,RGB
Canon200,set9_s3_99.tif,224x224,TIFF,RGB
Canon200,set9_s3_57.tif,224x224,TIFF,RGB
Canon200,set2_s3_5.tif,224x224,TIFF,RGB
Canon200,set5_s3_53.tif,224x224,TIFF,RGB
Canon200,set3_s3_87.tif,224x224,TIFF,RGB
Canon200,set9_s3_93.tif,224x224,TIFF,RGB
Canon200,set5_s3_19.tif,224x224,TIFF,RGB
Canon200,set5_s3_93.tif,224x224,TIFF,RGB
Canon200,set9_s3_85.tif,224x224,TIFF,RGB
Canon200,set5_s3_28.tif,224x224,TIFF,RGB
Canon200,set1_s3_69.tif,224x224,TIFF,RGB
Canon200,set9_s3_60.tif,224x224,TIFF,RGB
Canon200,set7_s3_69.tif,224x224,TIFF,RGB
Canon200,set7_s3_98.tif,224x224,TIFF,RGB
Canon200,set5_s3_64.tif,224x224,TIFF,RGB
Canon200,set5_s3_81.tif,224x224,TIFF,RGB
Canon200,set9_s3_79.tif,224x224,TIFF,RGB
Canon200,set7_s3_62.tif,224x224,TIFF,RGB
Canon200,set1_s3_70.tif,224x224,TIFF,RGB
Canon200,set1_s3_26.tif,224x224,TIFF,RGB
Canon200,set1_s3_81.tif,224x224,TIFF,RGB
Canon200,set9_s3_75.tif,224x224,TIFF,RGB
Canon200,set9_s3_51.tif,224x224,TIFF,RGB
Canon200,set7_s3_50.tif,224x224,TIFF,RGB
Canon200,set2_s3_14.tif,224x224,TIFF,RGB
Canon200,set7_s3_48.tif,224x224,TIFF,RGB
Canon200,set9_s3_33.tif,224x224,TIFF,RGB
Canon200,set5_s3_100.tif,224x224,TIFF,RGB
Canon200,set1_s3_56.tif,224x224,TIFF,RGB
Canon200,set1_s3_97.tif,224x224,TIFF,RGB
Canon200,set7_s3_61.tif,224x224,TIFF,RGB
Canon200,set3_s3_91.tif,224x224,TIFF,RGB
Canon200,set1_s3_98.tif,224x224,TIFF,RGB
Canon200,set3_s3_95.tif,224x224,TIFF,RGB
Canon200,set7_s3_97.tif,224x224,TIFF,RGB
Canon200,set5_s3_74.tif,224x224,TIFF,RGB
Canon200,set3_s3_78.tif,224x224,TIFF,RGB
Canon200,set3_s3_44.tif,224x224,TIFF,RGB
Canon200,set7_s3_102.tif,224x224,TIFF,RGB
Canon200,set4_s3_10.tif,224x224,TIFF,RGB
Canon200,set1_s3_79.tif,224x224,TIFF,RGB
Canon200,set3_s3_106.tif,224x224,TIFF,RGB
Canon200,set9_s3_24.tif,224x224,TIFF,RGB
Canon200,set9_s3_46.tif,224x224,TIFF,RGB
Canon200,set1_s3_43.tif,224x224,TIFF,RGB
Canon200,set7_s3_101.tif,224x224,TIFF,RGB
Canon200,set10_s3_21.tif,224x224,TIFF,RGB
Canon200,set9_s3_97.tif,224x224,TIFF,RGB
Canon200,set4_s3_8.tif,224x224,TIFF,RGB
Canon200,set7_s3_52.tif,224x224,TIFF,RGB
Canon200,set9_s3_30.tif,224x224,TIFF,RGB
Canon200,set5_s3_13.tif,224x224,TIFF,RGB
Canon200,set6_s3_9.tif,224x224,TIFF,RGB
Canon200,set9_s3_50.tif,224x224,TIFF,RGB
Canon200,set9_s3_28.tif,224x224,TIFF,RGB
Canon200,set3_s3_64.tif,224x224,TIFF,RGB
Canon200,set5_s3_63.tif,224x224,TIFF,RGB
Canon200,set5_s3_78.tif,224x224,TIFF,RGB
Canon200,set7_s3_82.tif,224x224,TIFF,RGB
Canon200,set1_s3_91.tif,224x224,TIFF,RGB
Canon200,set3_s3_99.tif,224x224,TIFF,RGB
Canon200,set3_s3_29.tif,224x224,TIFF,RGB
Canon200,set5_s3_3.tif,224x224,TIFF,RGB
Canon200,set4_s3_18.tif,224x224,TIFF,RGB
Canon200,set7_s3_59.tif,224x224,TIFF,RGB
Canon200,set9_s3_55.tif,224x224,TIFF,RGB
Canon200,set10_s3_10.tif,224x224,TIFF,RGB
Canon200,set9_s3_34.tif,224x224,TIFF,RGB
Canon200,set4_s3_1.tif,224x224,TIFF,RGB
Canon200,set5_s3_83.tif,224x224,TIFF,RGB
Canon200,set9_s3_95.tif,224x224,TIFF,RGB
Canon200,set7_s3_76.tif,224x224,TIFF,RGB
Canon200,set3_s3_28.tif,224x224,TIFF,RGB
Canon200,set1_s3_76.tif,224x224,TIFF,RGB
Canon200,set7_s3_103.tif,224x224,TIFF,RGB
Canon200,set7_s3_68.tif,224x224,TIFF,RGB
Canon200,set7_s3_25.tif,224x224,TIFF,RGB
Canon200,set2_s3_23.tif,224x224,TIFF,RGB
Canon200,set7_s3_51.tif,224x224,TIFF,RGB
Canon200,set1_s3_71.tif,224x224,TIFF,RGB
Canon200,set3_s3_94.tif,224x224,TIFF,RGB
Canon200,set2_s3_21.tif,224x224,TIFF,RGB
Canon200,set1_s3_94.tif,224x224,TIFF,RGB
Canon200,set7_s3_79.tif,224x224,TIFF,RGB
Canon200,set7_s3_104.tif,224x224,TIFF,RGB
Canon200,set5_s3_79.tif,224x224,TIFF,RGB
Canon200,set1_s3_59.tif,224x224,TIFF,RGB
Canon200,set5_s3_88.tif,224x224,TIFF,RGB
Canon200,set1_s3_17.tif,224x224,TIFF,RGB
Canon200,set3_s3_60.tif,224x224,TIFF,RGB
Canon200,set1_s3_73.tif,224x224,TIFF,RGB
Canon200,set1_s3_42.tif,224x224,TIFF,RGB
Canon200,set5_s3_29.tif,224x224,TIFF,RGB
Canon200,set5_s3_68.tif,224x224,TIFF,RGB
Canon200,set10_s3_2.tif,224x224,TIFF,RGB
Canon200,set1_s3_88.tif,224x224,TIFF,RGB
Canon200,set8_s3_54.tif,224x224,TIFF,RGB
Canon200,set3_s3_47.tif,224x224,TIFF,RGB
Canon200,set9_s3_41.tif,224x224,TIFF,RGB
Canon200,set5_s3_82.tif,224x224,TIFF,RGB
Canon200,set9_s3_98.tif,224x224,TIFF,RGB
Canon200,set7_s3_23.tif,224x224,TIFF,RGB
Canon200,set3_s3_52.tif,224x224,TIFF,RGB
Canon200,set1_s3_95.tif,224x224,TIFF,RGB
Canon200,set9_s3_26.tif,224x224,TIFF,RGB
Canon200,set5_s3_84.tif,224x224,TIFF,RGB
Canon200,set1_s3_84.tif,224x224,TIFF,RGB
Canon200,set10_s3_20.tif,224x224,TIFF,RGB
Canon200,set1_s3_34.tif,224x224,TIFF,RGB
Canon200,set2_s3_16.tif,224x224,TIFF,RGB
Canon200,set5_s3_27.tif,224x224,TIFF,RGB
Canon200,set7_s3_58.tif,224x224,TIFF,RGB
Canon200,set8_s3_49.tif,224x224,TIFF,RGB
Canon200,set5_s3_48.tif,224x224,TIFF,RGB
Canon200,set4_s3_48.tif,224x224,TIFF,RGB
Canon200,set3_s3_7.tif,224x224,TIFF,RGB
Canon200,set7_s3_63.tif,224x224,TIFF,RGB
Canon200,set9_s3_66.tif,224x224,TIFF,RGB
Canon200,set4_s3_2.tif,224x224,TIFF,RGB
Canon200,set3_s3_84.tif,224x224,TIFF,RGB
Canon200,set1_s3_64.tif,224x224,TIFF,RGB
Canon200,set7_s3_15.tif,224x224,TIFF,RGB
Canon200,set5_s3_54.tif,224x224,TIFF,RGB
Canon200,set10_s3_4.tif,224x224,TIFF,RGB
Canon200,set5_s3_5.tif,224x224,TIFF,RGB
Canon200,set5_s3_40.tif,224x224,TIFF,RGB
Canon200,set2_s3_20.tif,224x224,TIFF,RGB
Canon200,set7_s3_34.tif,224x224,TIFF,RGB
Canon200,set7_s3_86.tif,224x224,TIFF,RGB
Canon200,set1_s3_63.tif,224x224,TIFF,RGB
Canon200,set9_s3_22.tif,224x224,TIFF,RGB
Canon200,set3_s3_100.tif,224x224,TIFF,RGB
Canon200,set5_s3_99.tif,224x224,TIFF,RGB
Canon200,set3_s3_96.tif,224x224,TIFF,RGB
Canon200,set9_s3_87.tif,224x224,TIFF,RGB
Canon200,set3_s3_19.tif,224x224,TIFF,RGB
Canon200,set7_s3_73.tif,224x224,TIFF,RGB
Canon200,set1_s3_89.tif,224x224,TIFF,RGB
Canon200,set2_s3_24.tif,224x224,TIFF,RGB
Canon200,set6_s3_21.tif,224x224,TIFF,RGB
Canon200,set7_s3_83.tif,224x224,TIFF,RGB
Canon200,set6_s3_11.tif,224x224,TIFF,RGB
Canon200,set9_s3_39.tif,224x224,TIFF,RGB
Canon200,set7_s3_90.tif,224x224,TIFF,RGB
Canon200,set7_s3_96.tif,224x224,TIFF,RGB
Canon200,set7_s3_44.tif,224x224,TIFF,RGB
Canon200,set3_s3_50.tif,224x224,TIFF,RGB
Canon200,set7_s3_39.tif,224x224,TIFF,RGB
Canon200,set7_s3_78.tif,224x224,TIFF,RGB
Canon200,set8_s3_43.tif,224x224,TIFF,RGB
Canon200,set3_s3_68.tif,224x224,TIFF,RGB
Canon200,set7_s3_18.tif,224x224,TIFF,RGB
Canon200,set3_s3_58.tif,224x224,TIFF,RGB
Canon200,set6_s3_12.tif,224x224,TIFF,RGB
Canon200,set2_s3_10.tif,224x224,TIFF,RGB
Canon200,set5_s3_7.tif,224x224,TIFF,RGB
Canon200,set9_s3_48.tif,224x224,TIFF,RGB
Canon200,set7_s3_81.tif,224x224,TIFF,RGB
Canon200,set1_s3_60.tif,224x224,TIFF,RGB
Canon200,set9_s3_81.tif,224x224,TIFF,RGB
Canon200,set5_s3_8.tif,224x224,TIFF,RGB
Canon200,set10_s3_15.tif,224x224,TIFF,RGB
Canon200,set3_s3_103.tif,224x224,TIFF,RGB
Canon200,set2_s3_1.tif,224x224,TIFF,RGB
Canon200,set7_s3_47.tif,224x224,TIFF,RGB
Canon200,set7_s3_16.tif,224x224,TIFF,RGB
Canon200,set5_s3_76.tif,224x224,TIFF,RGB
Canon200,set6_s3_20.tif,224x224,TIFF,RGB
